simulacao,tempo_perturbacao,metricas_preferencia,metricas_horario,folga_total,tempo_pli,tempo_aco,tempo_ag,geracoes_aco,geracoes_ag,geracao_convergencia_aco,geracao_convergencia_ag,resultado_pli,resultado_aco,resultado_ag
801.0,0.109375,"{'proporcao_perturbacao': 0, 'n_interessados_por_turma': np.float64(2.102164502164502)}","{'n_mudancas_horarios': 9, 'n_conflitos': np.float64(150.0)}",2,12.4375,45.453125,24.65625,150,350,2,158,"[{'escore_total': 135, 'distribuicao_preferencias': {'pref_3': np.int64(42), 'pref_2': np.int64(4), 'pref_1': np.int64(1), 'pref_0': 0}, 'violacoes_capacidade_total_excesso': 0, 'professores_com_violacao': 0, 'conflitos_totais': 0}]","[{'escore_total': 133, 'distribuicao_preferencias': {'pref_3': np.int64(40), 'pref_2': np.int64(6), 'pref_1': np.int64(1), 'pref_0': 0}, 'violacoes_capacidade_total_excesso': 0, 'professores_com_violacao': 0, 'conflitos_totais': 0}]","[{'escore_total': 134, 'distribuicao_preferencias': {'pref_3': np.int64(41), 'pref_2': np.int64(5), 'pref_1': np.int64(1), 'pref_0': 0}, 'violacoes_capacidade_total_excesso': 0, 'professores_com_violacao': 0, 'conflitos_totais': 0}]"
802.0,0.109375,"{'proporcao_perturbacao': 0.3275431534130153, 'n_interessados_por_turma': np.float64(4.058528925619835)}","{'n_mudancas_horarios': 11, 'n_conflitos': np.float64(162.0)}",0,12.078125,7.328125,15.671875,150,350,7,294,"[{'escore_total': 141, 'distribuicao_preferencias': {'pref_3': np.int64(47), 'pref_2': 0, 'pref_1': 0, 'pref_0': 0}, 'violacoes_capacidade_total_excesso': 0, 'professores_com_violacao': 0, 'conflitos_totais': 0}]","[{'escore_total': 141, 'distribuicao_preferencias': {'pref_3': np.int64(47), 'pref_2': 0, 'pref_1': 0, 'pref_0': 0}, 'violacoes_capacidade_total_excesso': 0, 'professores_com_violacao': 0, 'conflitos_totais': 0}]","[{'escore_total': 139, 'distribuicao_preferencias': {'pref_3': np.int64(46), 'pref_2': 0, 'pref_1': np.int64(1), 'pref_0': 0}, 'violacoes_capacidade_total_excesso': 0, 'professores_com_violacao': 0, 'conflitos_totais': 0}]"
803.0,0.078125,"{'proporcao_perturbacao': 0.05276025735744824, 'n_interessados_por_turma': np.float64(2.3294610132950053)}","{'n_mudancas_horarios': 9, 'n_conflitos': np.float64(150.0)}",2,10.75,49.796875,36.265625,150,350,5,211,"[{'escore_total': 138, 'distribuicao_preferencias': {'pref_3': np.int64(44), 'pref_2': np.int64(3), 'pref_1': 0, 'pref_0': 0}, 'violacoes_capacidade_total_excesso': 0, 'professores_com_violacao': 0, 'conflitos_totais': 0}]","[{'escore_total': 138, 'distribuicao_preferencias': {'pref_3': np.int64(44), 'pref_2': np.int64(3), 'pref_1': 0, 'pref_0': 0}, 'violacoes_capacidade_total_excesso': 0, 'professores_com_violacao': 0, 'conflitos_totais': 0}]","[{'escore_total': 134, 'distribuicao_preferencias': {'pref_3': np.int64(42), 'pref_2': np.int64(4), 'pref_1': 0, 'pref_0': np.int64(1)}, 'violacoes_capacidade_total_excesso': 0, 'professores_com_violacao': 0, 'conflitos_totais': 0}]"
804.0,0.109375,"{'proporcao_perturbacao': 0.03800204029560102, 'n_interessados_por_turma': np.float64(2.3628886265249904)}","{'n_mudancas_horarios': 9, 'n_conflitos': np.float64(151.0)}",1,12.40625,64.453125,7.859375,150,350,128,122,"[{'escore_total': 135, 'distribuicao_preferencias': {'pref_3': np.int64(42), 'pref_2': np.int64(4), 'pref_1': np.int64(1), 'pref_0': 0}, 'violacoes_capacidade_total_excesso': 0, 'professores_com_violacao': 0, 'conflitos_totais': 0}]","[{'escore_total': 134, 'distribuicao_preferencias': {'pref_3': np.int64(41), 'pref_2': np.int64(5), 'pref_1': np.int64(1), 'pref_0': 0}, 'violacoes_capacidade_total_excesso': 0, 'professores_com_violacao': 0, 'conflitos_totais': 0}]","[{'escore_total': 133, 'distribuicao_preferencias': {'pref_3': np.int64(41), 'pref_2': np.int64(5), 'pref_1': 0, 'pref_0': np.int64(1)}, 'violacoes_capacidade_total_excesso': 0, 'professores_com_violacao': 0, 'conflitos_totais': 0}]"
805.0,0.0625,"{'proporcao_perturbacao': 0.10665059681042681, 'n_interessados_por_turma': np.float64(2.4846388789076537)}","{'n_mudancas_horarios': 9, 'n_conflitos': np.float64(162.0)}",0,11.90625,50.8125,52.65625,150,350,5,301,"[{'escore_total': 136, 'distribuicao_preferencias': {'pref_3': np.int64(44), 'pref_2': np.int64(2), 'pref_1': 0, 'pref_0': np.int64(1)}, 'violacoes_capacidade_total_excesso': 0, 'professores_com_violacao': 0, 'conflitos_totais': 0}]","[{'escore_total': 134, 'distribuicao_preferencias': {'pref_3': np.int64(43), 'pref_2': np.int64(2), 'pref_1': np.int64(1), 'pref_0': np.int64(1)}, 'violacoes_capacidade_total_excesso': 0, 'professores_com_violacao': 0, 'conflitos_totais': 0}]","[{'escore_total': 127, 'distribuicao_preferencias': {'pref_3': np.int64(38), 'pref_2': np.int64(6), 'pref_1': np.int64(1), 'pref_0': np.int64(2)}, 'violacoes_capacidade_total_excesso': 0, 'professores_com_violacao': 0, 'conflitos_totais': 0}]"
806.0,0.09375,"{'proporcao_perturbacao': 0.14585901085980868, 'n_interessados_por_turma': np.float64(2.6873450413223137)}","{'n_mudancas_horarios': 10, 'n_conflitos': np.float64(174.0)}",1,13.28125,73.734375,58.0625,150,350,2,242,"[{'escore_total': 140, 'distribuicao_preferencias': {'pref_3': np.int64(46), 'pref_2': np.int64(1), 'pref_1': 0, 'pref_0': 0}, 'violacoes_capacidade_total_excesso': 0, 'professores_com_violacao': 0, 'conflitos_totais': 0}]","[{'escore_total': 139, 'distribuicao_preferencias': {'pref_3': np.int64(45), 'pref_2': np.int64(2), 'pref_1': 0, 'pref_0': 0}, 'violacoes_capacidade_total_excesso': 0, 'professores_com_violacao': 0, 'conflitos_totais': 0}]","[{'escore_total': 137, 'distribuicao_preferencias': {'pref_3': np.int64(45), 'pref_2': np.int64(1), 'pref_1': 0, 'pref_0': np.int64(1)}, 'violacoes_capacidade_total_excesso': 0, 'professores_com_violacao': 0, 'conflitos_totais': 0}]"
807.0,0.109375,"{'proporcao_perturbacao': 0.0786958153869774, 'n_interessados_por_turma': np.float64(2.3810512396694214)}","{'n_mudancas_horarios': 9, 'n_conflitos': np.float64(143.0)}",4,12.125,53.609375,56.90625,150,350,3,333,"[{'escore_total': 141, 'distribuicao_preferencias': {'pref_3': np.int64(47), 'pref_2': 0, 'pref_1': 0, 'pref_0': 0}, 'violacoes_capacidade_total_excesso': 0, 'professores_com_violacao': 0, 'conflitos_totais': 0}]","[{'escore_total': 139, 'distribuicao_preferencias': {'pref_3': np.int64(45), 'pref_2': np.int64(2), 'pref_1': 0, 'pref_0': 0}, 'violacoes_capacidade_total_excesso': 0, 'professores_com_violacao': 0, 'conflitos_totais': 0}]","[{'escore_total': 139, 'distribuicao_preferencias': {'pref_3': np.int64(46), 'pref_2': 0, 'pref_1': np.int64(1), 'pref_0': 0}, 'violacoes_capacidade_total_excesso': 0, 'professores_com_violacao': 0, 'conflitos_totais': 0}]"
808.0,0.078125,"{'proporcao_perturbacao': 0.11221343195350063, 'n_interessados_por_turma': np.float64(2.3296130728775357)}","{'n_mudancas_horarios': 9, 'n_conflitos': np.float64(141.0)}",5,10.34375,36.84375,43.8125,150,350,3,294,"[{'escore_total': 137, 'distribuicao_preferencias': {'pref_3': np.int64(44), 'pref_2': np.int64(2), 'pref_1': np.int64(1), 'pref_0': 0}, 'violacoes_capacidade_total_excesso': 0, 'professores_com_violacao': 0, 'conflitos_totais': 0}]","[{'escore_total': 134, 'distribuicao_preferencias': {'pref_3': np.int64(41), 'pref_2': np.int64(5), 'pref_1': np.int64(1), 'pref_0': 0}, 'violacoes_capacidade_total_excesso': 0, 'professores_com_violacao': 0, 'conflitos_totais': 0}]","[{'escore_total': 133, 'distribuicao_preferencias': {'pref_3': np.int64(40), 'pref_2': np.int64(6), 'pref_1': np.int64(1), 'pref_0': 0}, 'violacoes_capacidade_total_excesso': 0, 'professores_com_violacao': 0, 'conflitos_totais': 0}]"
809.0,0.0625,"{'proporcao_perturbacao': 0.10522846022293716, 'n_interessados_por_turma': np.float64(2.3144111570247934)}","{'n_mudancas_horarios': 9, 'n_conflitos': np.float64(152.0)}",5,11.53125,52.0,10.890625,150,350,2,329,"[{'escore_total': 140, 'distribuicao_preferencias': {'pref_3': np.int64(46), 'pref_2': np.int64(1), 'pref_1': 0, 'pref_0': 0}, 'violacoes_capacidade_total_excesso': 0, 'professores_com_violacao': 0, 'conflitos_totais': 0}]","[{'escore_total': 139, 'distribuicao_preferencias': {'pref_3': np.int64(45), 'pref_2': np.int64(2), 'pref_1': 0, 'pref_0': 0}, 'violacoes_capacidade_total_excesso': 0, 'professores_com_violacao': 0, 'conflitos_totais': 0}]","[{'escore_total': 140, 'distribuicao_preferencias': {'pref_3': np.int64(46), 'pref_2': np.int64(1), 'pref_1': 0, 'pref_0': 0}, 'violacoes_capacidade_total_excesso': 0, 'professores_com_violacao': 0, 'conflitos_totais': 0}]"
810.0,0.09375,"{'proporcao_perturbacao': 0.1116724158012238, 'n_interessados_por_turma': np.float64(2.4777398490837226)}","{'n_mudancas_horarios': 9, 'n_conflitos': np.float64(158.0)}",4,12.765625,69.375,26.34375,150,350,6,148,"[{'escore_total': 138, 'distribuicao_preferencias': {'pref_3': np.int64(45), 'pref_2': np.int64(1), 'pref_1': np.int64(1), 'pref_0': 0}, 'violacoes_capacidade_total_excesso': 0, 'professores_com_violacao': 0, 'conflitos_totais': 0}]","[{'escore_total': 137, 'distribuicao_preferencias': {'pref_3': np.int64(44), 'pref_2': np.int64(2), 'pref_1': np.int64(1), 'pref_0': 0}, 'violacoes_capacidade_total_excesso': 0, 'professores_com_violacao': 0, 'conflitos_totais': 0}]","[{'escore_total': 138, 'distribuicao_preferencias': {'pref_3': np.int64(45), 'pref_2': np.int64(1), 'pref_1': np.int64(1), 'pref_0': 0}, 'violacoes_capacidade_total_excesso': 0, 'professores_com_violacao': 0, 'conflitos_totais': 0}]"
811.0,0.09375,"{'proporcao_perturbacao': 0.1399676245247184, 'n_interessados_por_turma': np.float64(2.8218560606060605)}","{'n_mudancas_horarios': 10, 'n_conflitos': np.float64(150.0)}",5,11.03125,70.734375,28.0625,150,350,3,179,"[{'escore_total': 140, 'distribuicao_preferencias': {'pref_3': np.int64(46), 'pref_2': np.int64(1), 'pref_1': 0, 'pref_0': 0}, 'violacoes_capacidade_total_excesso': 0, 'professores_com_violacao': 0, 'conflitos_totais': 0}]","[{'escore_total': 138, 'distribuicao_preferencias': {'pref_3': np.int64(44), 'pref_2': np.int64(3), 'pref_1': 0, 'pref_0': 0}, 'violacoes_capacidade_total_excesso': 0, 'professores_com_violacao': 0, 'conflitos_totais': 0}]","[{'escore_total': 131, 'distribuicao_preferencias': {'pref_3': np.int64(40), 'pref_2': np.int64(4), 'pref_1': np.int64(3), 'pref_0': 0}, 'violacoes_capacidade_total_excesso': 0, 'professores_com_violacao': 0, 'conflitos_totais': 0}]"
812.0,0.078125,"{'proporcao_perturbacao': 0.323904870090056, 'n_interessados_por_turma': np.float64(4.009424931129477)}","{'n_mudancas_horarios': 11, 'n_conflitos': np.float64(166.0)}",3,12.375,42.96875,33.59375,150,350,5,264,"[{'escore_total': 140, 'distribuicao_preferencias': {'pref_3': np.int64(46), 'pref_2': np.int64(1), 'pref_1': 0, 'pref_0': 0}, 'violacoes_capacidade_total_excesso': 0, 'professores_com_violacao': 0, 'conflitos_totais': 0}]","[{'escore_total': 139, 'distribuicao_preferencias': {'pref_3': np.int64(45), 'pref_2': np.int64(2), 'pref_1': 0, 'pref_0': 0}, 'violacoes_capacidade_total_excesso': 0, 'professores_com_violacao': 0, 'conflitos_totais': 0}]","[{'escore_total': 135, 'distribuicao_preferencias': {'pref_3': np.int64(43), 'pref_2': np.int64(3), 'pref_1': 0, 'pref_0': np.int64(1)}, 'violacoes_capacidade_total_excesso': 0, 'professores_com_violacao': 0, 'conflitos_totais': 0}]"
813.0,0.125,"{'proporcao_perturbacao': 0.25476031676106414, 'n_interessados_por_turma': np.float64(3.1281404958677683)}","{'n_mudancas_horarios': 10, 'n_conflitos': np.float64(175.0)}",4,13.859375,39.09375,6.265625,150,350,2,223,"[{'escore_total': 140, 'distribuicao_preferencias': {'pref_3': np.int64(46), 'pref_2': np.int64(1), 'pref_1': 0, 'pref_0': 0}, 'violacoes_capacidade_total_excesso': 0, 'professores_com_violacao': 0, 'conflitos_totais': 0}]","[{'escore_total': 140, 'distribuicao_preferencias': {'pref_3': np.int64(46), 'pref_2': np.int64(1), 'pref_1': 0, 'pref_0': 0}, 'violacoes_capacidade_total_excesso': 0, 'professores_com_violacao': 0, 'conflitos_totais': 0}]","[{'escore_total': 140, 'distribuicao_preferencias': {'pref_3': np.int64(46), 'pref_2': np.int64(1), 'pref_1': 0, 'pref_0': 0}, 'violacoes_capacidade_total_excesso': 0, 'professores_com_violacao': 0, 'conflitos_totais': 0}]"
814.0,0.09375,"{'proporcao_perturbacao': 0.15015928385208174, 'n_interessados_por_turma': np.float64(2.797451790633609)}","{'n_mudancas_horarios': 10, 'n_conflitos': np.float64(141.0)}",5,10.625,62.921875,11.203125,150,350,2,233,"[{'escore_total': 140, 'distribuicao_preferencias': {'pref_3': np.int64(46), 'pref_2': np.int64(1), 'pref_1': 0, 'pref_0': 0}, 'violacoes_capacidade_total_excesso': 0, 'professores_com_violacao': 0, 'conflitos_totais': 0}]","[{'escore_total': 140, 'distribuicao_preferencias': {'pref_3': np.int64(46), 'pref_2': np.int64(1), 'pref_1': 0, 'pref_0': 0}, 'violacoes_capacidade_total_excesso': 0, 'professores_com_violacao': 0, 'conflitos_totais': 0}]","[{'escore_total': 140, 'distribuicao_preferencias': {'pref_3': np.int64(46), 'pref_2': np.int64(1), 'pref_1': 0, 'pref_0': 0}, 'violacoes_capacidade_total_excesso': 0, 'professores_com_violacao': 0, 'conflitos_totais': 0}]"
815.0,0.078125,"{'proporcao_perturbacao': 0.13250001557454155, 'n_interessados_por_turma': np.float64(3.089014876033058)}","{'n_mudancas_horarios': 10, 'n_conflitos': np.float64(157.0)}",0,11.265625,18.171875,16.578125,150,350,16,349,"[{'escore_total': 141, 'distribuicao_preferencias': {'pref_3': np.int64(47), 'pref_2': 0, 'pref_1': 0, 'pref_0': 0}, 'violacoes_capacidade_total_excesso': 0, 'professores_com_violacao': 0, 'conflitos_totais': 0}]","[{'escore_total': 140, 'distribuicao_preferencias': {'pref_3': np.int64(46), 'pref_2': np.int64(1), 'pref_1': 0, 'pref_0': 0}, 'violacoes_capacidade_total_excesso': 0, 'professores_com_violacao': 0, 'conflitos_totais': 0}]","[{'escore_total': 139, 'distribuicao_preferencias': {'pref_3': np.int64(45), 'pref_2': np.int64(2), 'pref_1': 0, 'pref_0': 0}, 'violacoes_capacidade_total_excesso': 0, 'professores_com_violacao': 0, 'conflitos_totais': 0}]"
816.0,0.078125,"{'proporcao_perturbacao': 0.030427740859713948, 'n_interessados_por_turma': np.float64(2.2198121712997745)}","{'n_mudancas_horarios': 9, 'n_conflitos': np.float64(145.0)}",4,12.15625,43.328125,19.6875,150,350,4,51,"[{'escore_total': 138, 'distribuicao_preferencias': {'pref_3': np.int64(44), 'pref_2': np.int64(3), 'pref_1': 0, 'pref_0': 0}, 'violacoes_capacidade_total_excesso': 0, 'professores_com_violacao': 0, 'conflitos_totais': 0}]","[{'escore_total': 138, 'distribuicao_preferencias': {'pref_3': np.int64(44), 'pref_2': np.int64(3), 'pref_1': 0, 'pref_0': 0}, 'violacoes_capacidade_total_excesso': 0, 'professores_com_violacao': 0, 'conflitos_totais': 0}]","[{'escore_total': 138, 'distribuicao_preferencias': {'pref_3': np.int64(44), 'pref_2': np.int64(3), 'pref_1': 0, 'pref_0': 0}, 'violacoes_capacidade_total_excesso': 0, 'professores_com_violacao': 0, 'conflitos_totais': 0}]"
817.0,0.09375,"{'proporcao_perturbacao': 0, 'n_interessados_por_turma': np.float64(2.102164502164502)}","{'n_mudancas_horarios': 9, 'n_conflitos': np.float64(149.0)}",2,10.921875,31.15625,78.4375,150,350,9,134,"[{'escore_total': 135, 'distribuicao_preferencias': {'pref_3': np.int64(42), 'pref_2': np.int64(4), 'pref_1': np.int64(1), 'pref_0': 0}, 'violacoes_capacidade_total_excesso': 0, 'professores_com_violacao': 0, 'conflitos_totais': 0}]","[{'escore_total': 135, 'distribuicao_preferencias': {'pref_3': np.int64(42), 'pref_2': np.int64(4), 'pref_1': np.int64(1), 'pref_0': 0}, 'violacoes_capacidade_total_excesso': 0, 'professores_com_violacao': 0, 'conflitos_totais': 0}]","[{'escore_total': 132, 'distribuicao_preferencias': {'pref_3': np.int64(40), 'pref_2': np.int64(5), 'pref_1': np.int64(2), 'pref_0': 0}, 'violacoes_capacidade_total_excesso': 0, 'professores_com_violacao': 0, 'conflitos_totais': 0}]"
818.0,0.09375,"{'proporcao_perturbacao': 0.14933845611269567, 'n_interessados_por_turma': np.float64(2.8918038088393825)}","{'n_mudancas_horarios': 10, 'n_conflitos': np.float64(182.0)}",5,13.828125,51.984375,37.171875,150,350,2,172,"[{'escore_total': 138, 'distribuicao_preferencias': {'pref_3': np.int64(45), 'pref_2': np.int64(1), 'pref_1': np.int64(1), 'pref_0': 0}, 'violacoes_capacidade_total_excesso': 0, 'professores_com_violacao': 0, 'conflitos_totais': 0}]","[{'escore_total': 137, 'distribuicao_preferencias': {'pref_3': np.int64(44), 'pref_2': np.int64(2), 'pref_1': np.int64(1), 'pref_0': 0}, 'violacoes_capacidade_total_excesso': 0, 'professores_com_violacao': 0, 'conflitos_totais': 0}]","[{'escore_total': 135, 'distribuicao_preferencias': {'pref_3': np.int64(43), 'pref_2': np.int64(2), 'pref_1': np.int64(2), 'pref_0': 0}, 'violacoes_capacidade_total_excesso': 0, 'professores_com_violacao': 0, 'conflitos_totais': 0}]"
819.0,0.078125,"{'proporcao_perturbacao': 0.16202736840868534, 'n_interessados_por_turma': np.float64(2.5674677685950416)}","{'n_mudancas_horarios': 10, 'n_conflitos': np.float64(143.0)}",1,11.890625,59.125,26.34375,150,350,4,300,"[{'escore_total': 141, 'distribuicao_preferencias': {'pref_3': np.int64(47), 'pref_2': 0, 'pref_1': 0, 'pref_0': 0}, 'violacoes_capacidade_total_excesso': 0, 'professores_com_violacao': 0, 'conflitos_totais': 0}]","[{'escore_total': 141, 'distribuicao_preferencias': {'pref_3': np.int64(47), 'pref_2': 0, 'pref_1': 0, 'pref_0': 0}, 'violacoes_capacidade_total_excesso': 0, 'professores_com_violacao': 0, 'conflitos_totais': 0}]","[{'escore_total': 140, 'distribuicao_preferencias': {'pref_3': np.int64(46), 'pref_2': np.int64(1), 'pref_1': 0, 'pref_0': 0}, 'violacoes_capacidade_total_excesso': 0, 'professores_com_violacao': 0, 'conflitos_totais': 0}]"
820.0,0.078125,"{'proporcao_perturbacao': 0.10759582594982643, 'n_interessados_por_turma': np.float64(2.9372296083363274)}","{'n_mudancas_horarios': 9, 'n_conflitos': np.float64(143.0)}",1,10.65625,41.578125,50.34375,150,350,19,318,"[{'escore_total': 139, 'distribuicao_preferencias': {'pref_3': np.int64(45), 'pref_2': np.int64(2), 'pref_1': 0, 'pref_0': 0}, 'violacoes_capacidade_total_excesso': 0, 'professores_com_violacao': 0, 'conflitos_totais': 0}]","[{'escore_total': 139, 'distribuicao_preferencias': {'pref_3': np.int64(45), 'pref_2': np.int64(2), 'pref_1': 0, 'pref_0': 0}, 'violacoes_capacidade_total_excesso': 0, 'professores_com_violacao': 0, 'conflitos_totais': 0}]","[{'escore_total': 132, 'distribuicao_preferencias': {'pref_3': np.int64(41), 'pref_2': np.int64(4), 'pref_1': np.int64(1), 'pref_0': np.int64(1)}, 'violacoes_capacidade_total_excesso': 0, 'professores_com_violacao': 0, 'conflitos_totais': 0}]"
821.0,0.09375,"{'proporcao_perturbacao': 0, 'n_interessados_por_turma': np.float64(2.102164502164502)}","{'n_mudancas_horarios': 8, 'n_conflitos': np.float64(134.0)}",4,10.84375,50.875,40.1875,150,350,3,91,"[{'escore_total': 136, 'distribuicao_preferencias': {'pref_3': np.int64(43), 'pref_2': np.int64(3), 'pref_1': np.int64(1), 'pref_0': 0}, 'violacoes_capacidade_total_excesso': 0, 'professores_com_violacao': 0, 'conflitos_totais': 0}]","[{'escore_total': 135, 'distribuicao_preferencias': {'pref_3': np.int64(42), 'pref_2': np.int64(4), 'pref_1': np.int64(1), 'pref_0': 0}, 'violacoes_capacidade_total_excesso': 0, 'professores_com_violacao': 0, 'conflitos_totais': 0}]","[{'escore_total': 136, 'distribuicao_preferencias': {'pref_3': np.int64(43), 'pref_2': np.int64(3), 'pref_1': np.int64(1), 'pref_0': 0}, 'violacoes_capacidade_total_excesso': 0, 'professores_com_violacao': 0, 'conflitos_totais': 0}]"
822.0,0.078125,"{'proporcao_perturbacao': 0.04197318646724408, 'n_interessados_por_turma': np.float64(2.181494490358127)}","{'n_mudancas_horarios': 9, 'n_conflitos': np.float64(140.0)}",3,11.6875,10.484375,32.953125,150,350,112,209,"[{'escore_total': 139, 'distribuicao_preferencias': {'pref_3': np.int64(46), 'pref_2': 0, 'pref_1': np.int64(1), 'pref_0': 0}, 'violacoes_capacidade_total_excesso': 0, 'professores_com_violacao': 0, 'conflitos_totais': 0}]","[{'escore_total': 139, 'distribuicao_preferencias': {'pref_3': np.int64(46), 'pref_2': 0, 'pref_1': np.int64(1), 'pref_0': 0}, 'violacoes_capacidade_total_excesso': 0, 'professores_com_violacao': 0, 'conflitos_totais': 0}]","[{'escore_total': 139, 'distribuicao_preferencias': {'pref_3': np.int64(46), 'pref_2': 0, 'pref_1': np.int64(1), 'pref_0': 0}, 'violacoes_capacidade_total_excesso': 0, 'professores_com_violacao': 0, 'conflitos_totais': 0}]"
823.0,0.078125,"{'proporcao_perturbacao': 0.11151454112903941, 'n_interessados_por_turma': np.float64(2.664319080129357)}","{'n_mudancas_horarios': 9, 'n_conflitos': np.float64(166.0)}",0,11.53125,58.859375,9.546875,150,350,6,252,"[{'escore_total': 135, 'distribuicao_preferencias': {'pref_3': np.int64(43), 'pref_2': np.int64(3), 'pref_1': 0, 'pref_0': np.int64(1)}, 'violacoes_capacidade_total_excesso': 0, 'professores_com_violacao': 0, 'conflitos_totais': 0}]","[{'escore_total': 131, 'distribuicao_preferencias': {'pref_3': np.int64(42), 'pref_2': np.int64(1), 'pref_1': np.int64(3), 'pref_0': np.int64(1)}, 'violacoes_capacidade_total_excesso': 0, 'professores_com_violacao': 0, 'conflitos_totais': 0}]","[{'escore_total': 135, 'distribuicao_preferencias': {'pref_3': np.int64(43), 'pref_2': np.int64(3), 'pref_1': 0, 'pref_0': np.int64(1)}, 'violacoes_capacidade_total_excesso': 0, 'professores_com_violacao': 0, 'conflitos_totais': 0}]"
824.0,0.078125,"{'proporcao_perturbacao': 0, 'n_interessados_por_turma': np.float64(2.102164502164502)}","{'n_mudancas_horarios': 9, 'n_conflitos': np.float64(142.0)}",1,10.640625,50.8125,24.546875,150,350,5,201,"[{'escore_total': 133, 'distribuicao_preferencias': {'pref_3': np.int64(41), 'pref_2': np.int64(4), 'pref_1': np.int64(2), 'pref_0': 0}, 'violacoes_capacidade_total_excesso': 0, 'professores_com_violacao': 0, 'conflitos_totais': 0}]","[{'escore_total': 134, 'distribuicao_preferencias': {'pref_3': np.int64(43), 'pref_2': np.int64(2), 'pref_1': np.int64(1), 'pref_0': np.int64(1)}, 'violacoes_capacidade_total_excesso': 0, 'professores_com_violacao': 0, 'conflitos_totais': 0}]","[{'escore_total': 133, 'distribuicao_preferencias': {'pref_3': np.int64(41), 'pref_2': np.int64(5), 'pref_1': 0, 'pref_0': np.int64(1)}, 'violacoes_capacidade_total_excesso': 0, 'professores_com_violacao': 0, 'conflitos_totais': 0}]"
825.0,0.09375,"{'proporcao_perturbacao': 0.18072335537220274, 'n_interessados_por_turma': np.float64(2.574737190082645)}","{'n_mudancas_horarios': 10, 'n_conflitos': np.float64(175.0)}",3,13.5625,65.640625,27.71875,150,350,9,107,"[{'escore_total': 141, 'distribuicao_preferencias': {'pref_3': np.int64(47), 'pref_2': 0, 'pref_1': 0, 'pref_0': 0}, 'violacoes_capacidade_total_excesso': 0, 'professores_com_violacao': 0, 'conflitos_totais': 0}]","[{'escore_total': 141, 'distribuicao_preferencias': {'pref_3': np.int64(47), 'pref_2': 0, 'pref_1': 0, 'pref_0': 0}, 'violacoes_capacidade_total_excesso': 0, 'professores_com_violacao': 0, 'conflitos_totais': 0}]","[{'escore_total': 140, 'distribuicao_preferencias': {'pref_3': np.int64(46), 'pref_2': np.int64(1), 'pref_1': 0, 'pref_0': 0}, 'violacoes_capacidade_total_excesso': 0, 'professores_com_violacao': 0, 'conflitos_totais': 0}]"
826.0,0.09375,"{'proporcao_perturbacao': 0.0994357353798627, 'n_interessados_por_turma': np.float64(2.673392022996766)}","{'n_mudancas_horarios': 9, 'n_conflitos': np.float64(142.0)}",1,10.765625,23.453125,65.828125,150,350,13,196,"[{'escore_total': 137, 'distribuicao_preferencias': {'pref_3': np.int64(44), 'pref_2': np.int64(2), 'pref_1': np.int64(1), 'pref_0': 0}, 'violacoes_capacidade_total_excesso': 0, 'professores_com_violacao': 0, 'conflitos_totais': 0}]","[{'escore_total': 137, 'distribuicao_preferencias': {'pref_3': np.int64(44), 'pref_2': np.int64(2), 'pref_1': np.int64(1), 'pref_0': 0}, 'violacoes_capacidade_total_excesso': 0, 'professores_com_violacao': 0, 'conflitos_totais': 0}]","[{'escore_total': 132, 'distribuicao_preferencias': {'pref_3': np.int64(40), 'pref_2': np.int64(5), 'pref_1': np.int64(2), 'pref_0': 0}, 'violacoes_capacidade_total_excesso': 0, 'professores_com_violacao': 0, 'conflitos_totais': 0}]"
827.0,0.046875,"{'proporcao_perturbacao': 0, 'n_interessados_por_turma': np.float64(2.102164502164502)}","{'n_mudancas_horarios': 9, 'n_conflitos': np.float64(150.0)}",1,11.46875,25.296875,18.1875,150,350,10,309,"[{'escore_total': 133, 'distribuicao_preferencias': {'pref_3': np.int64(41), 'pref_2': np.int64(4), 'pref_1': np.int64(2), 'pref_0': 0}, 'violacoes_capacidade_total_excesso': 0, 'professores_com_violacao': 0, 'conflitos_totais': 0}]","[{'escore_total': 134, 'distribuicao_preferencias': {'pref_3': np.int64(43), 'pref_2': np.int64(2), 'pref_1': np.int64(1), 'pref_0': np.int64(1)}, 'violacoes_capacidade_total_excesso': 0, 'professores_com_violacao': 0, 'conflitos_totais': 0}]","[{'escore_total': 130, 'distribuicao_preferencias': {'pref_3': np.int64(40), 'pref_2': np.int64(4), 'pref_1': np.int64(2), 'pref_0': np.int64(1)}, 'violacoes_capacidade_total_excesso': 0, 'professores_com_violacao': 0, 'conflitos_totais': 0}]"
828.0,0.078125,"{'proporcao_perturbacao': 0, 'n_interessados_por_turma': np.float64(2.102164502164502)}","{'n_mudancas_horarios': 9, 'n_conflitos': np.float64(144.0)}",1,11.875,22.734375,7.3125,150,350,57,279,"[{'escore_total': 133, 'distribuicao_preferencias': {'pref_3': np.int64(41), 'pref_2': np.int64(4), 'pref_1': np.int64(2), 'pref_0': 0}, 'violacoes_capacidade_total_excesso': 0, 'professores_com_violacao': 0, 'conflitos_totais': 0}]","[{'escore_total': 134, 'distribuicao_preferencias': {'pref_3': np.int64(43), 'pref_2': np.int64(2), 'pref_1': np.int64(1), 'pref_0': np.int64(1)}, 'violacoes_capacidade_total_excesso': 0, 'professores_com_violacao': 0, 'conflitos_totais': 0}]","[{'escore_total': 133, 'distribuicao_preferencias': {'pref_3': np.int64(41), 'pref_2': np.int64(5), 'pref_1': 0, 'pref_0': np.int64(1)}, 'violacoes_capacidade_total_excesso': 0, 'professores_com_violacao': 0, 'conflitos_totais': 0}]"
829.0,0.078125,"{'proporcao_perturbacao': 0.09710637813613367, 'n_interessados_por_turma': np.float64(2.3243560606060605)}","{'n_mudancas_horarios': 9, 'n_conflitos': np.float64(160.0)}",2,11.53125,23.34375,36.953125,150,350,3,243,"[{'escore_total': 140, 'distribuicao_preferencias': {'pref_3': np.int64(46), 'pref_2': np.int64(1), 'pref_1': 0, 'pref_0': 0}, 'violacoes_capacidade_total_excesso': 0, 'professores_com_violacao': 0, 'conflitos_totais': 0}]","[{'escore_total': 139, 'distribuicao_preferencias': {'pref_3': np.int64(45), 'pref_2': np.int64(2), 'pref_1': 0, 'pref_0': 0}, 'violacoes_capacidade_total_excesso': 0, 'professores_com_violacao': 0, 'conflitos_totais': 0}]","[{'escore_total': 134, 'distribuicao_preferencias': {'pref_3': np.int64(41), 'pref_2': np.int64(5), 'pref_1': np.int64(1), 'pref_0': 0}, 'violacoes_capacidade_total_excesso': 0, 'professores_com_violacao': 0, 'conflitos_totais': 0}]"
830.0,0.078125,"{'proporcao_perturbacao': 0.14298574471529818, 'n_interessados_por_turma': np.float64(2.9392186326070626)}","{'n_mudancas_horarios': 10, 'n_conflitos': np.float64(158.0)}",4,11.140625,36.875,22.328125,150,350,11,70,"[{'escore_total': 134, 'distribuicao_preferencias': {'pref_3': np.int64(44), 'pref_2': 0, 'pref_1': np.int64(2), 'pref_0': np.int64(1)}, 'violacoes_capacidade_total_excesso': 0, 'professores_com_violacao': 0, 'conflitos_totais': 0}]","[{'escore_total': 134, 'distribuicao_preferencias': {'pref_3': np.int64(44), 'pref_2': 0, 'pref_1': np.int64(2), 'pref_0': np.int64(1)}, 'violacoes_capacidade_total_excesso': 0, 'professores_com_violacao': 0, 'conflitos_totais': 0}]","[{'escore_total': 134, 'distribuicao_preferencias': {'pref_3': np.int64(44), 'pref_2': 0, 'pref_1': np.int64(2), 'pref_0': np.int64(1)}, 'violacoes_capacidade_total_excesso': 0, 'professores_com_violacao': 0, 'conflitos_totais': 0}]"
831.0,0.09375,"{'proporcao_perturbacao': 0, 'n_interessados_por_turma': np.float64(2.102164502164502)}","{'n_mudancas_horarios': 9, 'n_conflitos': np.float64(173.0)}",2,13.3125,50.515625,26.40625,150,350,9,247,"[{'escore_total': 136, 'distribuicao_preferencias': {'pref_3': np.int64(43), 'pref_2': np.int64(3), 'pref_1': np.int64(1), 'pref_0': 0}, 'violacoes_capacidade_total_excesso': 0, 'professores_com_violacao': 0, 'conflitos_totais': 0}]","[{'escore_total': 136, 'distribuicao_preferencias': {'pref_3': np.int64(43), 'pref_2': np.int64(3), 'pref_1': np.int64(1), 'pref_0': 0}, 'violacoes_capacidade_total_excesso': 0, 'professores_com_violacao': 0, 'conflitos_totais': 0}]","[{'escore_total': 131, 'distribuicao_preferencias': {'pref_3': np.int64(42), 'pref_2': np.int64(1), 'pref_1': np.int64(3), 'pref_0': np.int64(1)}, 'violacoes_capacidade_total_excesso': 0, 'professores_com_violacao': 0, 'conflitos_totais': 0}]"
832.0,0.078125,"{'proporcao_perturbacao': 0.061157674795776246, 'n_interessados_por_turma': np.float64(2.076701401365433)}","{'n_mudancas_horarios': 9, 'n_conflitos': np.float64(164.0)}",1,12.328125,49.875,5.828125,150,350,37,66,"[{'escore_total': 137, 'distribuicao_preferencias': {'pref_3': np.int64(44), 'pref_2': np.int64(2), 'pref_1': np.int64(1), 'pref_0': 0}, 'violacoes_capacidade_total_excesso': 0, 'professores_com_violacao': 0, 'conflitos_totais': 0}]","[{'escore_total': 137, 'distribuicao_preferencias': {'pref_3': np.int64(44), 'pref_2': np.int64(2), 'pref_1': np.int64(1), 'pref_0': 0}, 'violacoes_capacidade_total_excesso': 0, 'professores_com_violacao': 0, 'conflitos_totais': 0}]","[{'escore_total': 135, 'distribuicao_preferencias': {'pref_3': np.int64(44), 'pref_2': np.int64(1), 'pref_1': np.int64(1), 'pref_0': np.int64(1)}, 'violacoes_capacidade_total_excesso': 0, 'professores_com_violacao': 0, 'conflitos_totais': 0}]"
833.0,0.09375,"{'proporcao_perturbacao': 0.1362509265156691, 'n_interessados_por_turma': np.float64(2.5796595041322314)}","{'n_mudancas_horarios': 10, 'n_conflitos': np.float64(150.0)}",1,11.0,29.5,11.671875,150,350,2,303,"[{'escore_total': 141, 'distribuicao_preferencias': {'pref_3': np.int64(47), 'pref_2': 0, 'pref_1': 0, 'pref_0': 0}, 'violacoes_capacidade_total_excesso': 0, 'professores_com_violacao': 0, 'conflitos_totais': 0}]","[{'escore_total': 140, 'distribuicao_preferencias': {'pref_3': np.int64(46), 'pref_2': np.int64(1), 'pref_1': 0, 'pref_0': 0}, 'violacoes_capacidade_total_excesso': 0, 'professores_com_violacao': 0, 'conflitos_totais': 0}]","[{'escore_total': 140, 'distribuicao_preferencias': {'pref_3': np.int64(46), 'pref_2': np.int64(1), 'pref_1': 0, 'pref_0': 0}, 'violacoes_capacidade_total_excesso': 0, 'professores_com_violacao': 0, 'conflitos_totais': 0}]"
834.0,0.078125,"{'proporcao_perturbacao': 0, 'n_interessados_por_turma': np.float64(2.102164502164502)}","{'n_mudancas_horarios': 9, 'n_conflitos': np.float64(170.0)}",4,12.9375,9.578125,16.453125,150,350,7,35,"[{'escore_total': 136, 'distribuicao_preferencias': {'pref_3': np.int64(43), 'pref_2': np.int64(3), 'pref_1': np.int64(1), 'pref_0': 0}, 'violacoes_capacidade_total_excesso': 0, 'professores_com_violacao': 0, 'conflitos_totais': 0}]","[{'escore_total': 136, 'distribuicao_preferencias': {'pref_3': np.int64(43), 'pref_2': np.int64(3), 'pref_1': np.int64(1), 'pref_0': 0}, 'violacoes_capacidade_total_excesso': 0, 'professores_com_violacao': 0, 'conflitos_totais': 0}]","[{'escore_total': 134, 'distribuicao_preferencias': {'pref_3': np.int64(41), 'pref_2': np.int64(5), 'pref_1': np.int64(1), 'pref_0': 0}, 'violacoes_capacidade_total_excesso': 0, 'professores_com_violacao': 0, 'conflitos_totais': 0}]"
835.0,0.109375,"{'proporcao_perturbacao': 0.17975037270894234, 'n_interessados_por_turma': np.float64(2.9690512396694215)}","{'n_mudancas_horarios': 10, 'n_conflitos': np.float64(151.0)}",5,10.84375,20.203125,19.109375,150,350,4,81,"[{'escore_total': 141, 'distribuicao_preferencias': {'pref_3': np.int64(47), 'pref_2': 0, 'pref_1': 0, 'pref_0': 0}, 'violacoes_capacidade_total_excesso': 0, 'professores_com_violacao': 0, 'conflitos_totais': 0}]","[{'escore_total': 141, 'distribuicao_preferencias': {'pref_3': np.int64(47), 'pref_2': 0, 'pref_1': 0, 'pref_0': 0}, 'violacoes_capacidade_total_excesso': 0, 'professores_com_violacao': 0, 'conflitos_totais': 0}]","[{'escore_total': 141, 'distribuicao_preferencias': {'pref_3': np.int64(47), 'pref_2': 0, 'pref_1': 0, 'pref_0': 0}, 'violacoes_capacidade_total_excesso': 0, 'professores_com_violacao': 0, 'conflitos_totais': 0}]"
836.0,0.09375,"{'proporcao_perturbacao': 0.09447792866509291, 'n_interessados_por_turma': np.float64(2.4045274883219547)}","{'n_mudancas_horarios': 9, 'n_conflitos': np.float64(171.0)}",2,12.21875,16.828125,18.296875,150,350,122,187,"[{'escore_total': 139, 'distribuicao_preferencias': {'pref_3': np.int64(45), 'pref_2': np.int64(2), 'pref_1': 0, 'pref_0': 0}, 'violacoes_capacidade_total_excesso': 0, 'professores_com_violacao': 0, 'conflitos_totais': 0}]","[{'escore_total': 139, 'distribuicao_preferencias': {'pref_3': np.int64(45), 'pref_2': np.int64(2), 'pref_1': 0, 'pref_0': 0}, 'violacoes_capacidade_total_excesso': 0, 'professores_com_violacao': 0, 'conflitos_totais': 0}]","[{'escore_total': 138, 'distribuicao_preferencias': {'pref_3': np.int64(44), 'pref_2': np.int64(3), 'pref_1': 0, 'pref_0': 0}, 'violacoes_capacidade_total_excesso': 0, 'professores_com_violacao': 0, 'conflitos_totais': 0}]"
837.0,0.0625,"{'proporcao_perturbacao': 0.08004117246074101, 'n_interessados_por_turma': np.float64(2.2306611570247936)}","{'n_mudancas_horarios': 9, 'n_conflitos': np.float64(154.0)}",0,12.0625,28.75,41.8125,150,350,3,309,"[{'escore_total': 135, 'distribuicao_preferencias': {'pref_3': np.int64(42), 'pref_2': np.int64(4), 'pref_1': np.int64(1), 'pref_0': 0}, 'violacoes_capacidade_total_excesso': 0, 'professores_com_violacao': 0, 'conflitos_totais': 0}]","[{'escore_total': 130, 'distribuicao_preferencias': {'pref_3': np.int64(38), 'pref_2': np.int64(8), 'pref_1': 0, 'pref_0': np.int64(1)}, 'violacoes_capacidade_total_excesso': 0, 'professores_com_violacao': 0, 'conflitos_totais': 0}]","[{'escore_total': 135, 'distribuicao_preferencias': {'pref_3': np.int64(42), 'pref_2': np.int64(4), 'pref_1': np.int64(1), 'pref_0': 0}, 'violacoes_capacidade_total_excesso': 0, 'professores_com_violacao': 0, 'conflitos_totais': 0}]"
838.0,0.0625,"{'proporcao_perturbacao': 0.1792102300304895, 'n_interessados_por_turma': np.float64(2.659862258953168)}","{'n_mudancas_horarios': 10, 'n_conflitos': np.float64(148.0)}",5,11.21875,6.609375,3.21875,150,350,5,245,"[{'escore_total': 140, 'distribuicao_preferencias': {'pref_3': np.int64(46), 'pref_2': np.int64(1), 'pref_1': 0, 'pref_0': 0}, 'violacoes_capacidade_total_excesso': 0, 'professores_com_violacao': 0, 'conflitos_totais': 0}]","[{'escore_total': 140, 'distribuicao_preferencias': {'pref_3': np.int64(46), 'pref_2': np.int64(1), 'pref_1': 0, 'pref_0': 0}, 'violacoes_capacidade_total_excesso': 0, 'professores_com_violacao': 0, 'conflitos_totais': 0}]","[{'escore_total': 137, 'distribuicao_preferencias': {'pref_3': np.int64(44), 'pref_2': np.int64(2), 'pref_1': np.int64(1), 'pref_0': 0}, 'violacoes_capacidade_total_excesso': 0, 'professores_com_violacao': 0, 'conflitos_totais': 0}]"
839.0,0.0625,"{'proporcao_perturbacao': 0.19991803611998232, 'n_interessados_por_turma': np.float64(2.882489669421487)}","{'n_mudancas_horarios': 10, 'n_conflitos': np.float64(140.0)}",2,10.40625,10.875,35.234375,150,350,9,341,"[{'escore_total': 140, 'distribuicao_preferencias': {'pref_3': np.int64(46), 'pref_2': np.int64(1), 'pref_1': 0, 'pref_0': 0}, 'violacoes_capacidade_total_excesso': 0, 'professores_com_violacao': 0, 'conflitos_totais': 0}]","[{'escore_total': 140, 'distribuicao_preferencias': {'pref_3': np.int64(46), 'pref_2': np.int64(1), 'pref_1': 0, 'pref_0': 0}, 'violacoes_capacidade_total_excesso': 0, 'professores_com_violacao': 0, 'conflitos_totais': 0}]","[{'escore_total': 135, 'distribuicao_preferencias': {'pref_3': np.int64(43), 'pref_2': np.int64(2), 'pref_1': np.int64(2), 'pref_0': 0}, 'violacoes_capacidade_total_excesso': 0, 'professores_com_violacao': 0, 'conflitos_totais': 0}]"
840.0,0.078125,"{'proporcao_perturbacao': 0, 'n_interessados_por_turma': np.float64(2.102164502164502)}","{'n_mudancas_horarios': 9, 'n_conflitos': np.float64(142.0)}",1,10.703125,15.0625,16.28125,150,350,9,326,"[{'escore_total': 134, 'distribuicao_preferencias': {'pref_3': np.int64(42), 'pref_2': np.int64(3), 'pref_1': np.int64(2), 'pref_0': 0}, 'violacoes_capacidade_total_excesso': 0, 'professores_com_violacao': 0, 'conflitos_totais': 0}]","[{'escore_total': 131, 'distribuicao_preferencias': {'pref_3': np.int64(40), 'pref_2': np.int64(4), 'pref_1': np.int64(3), 'pref_0': 0}, 'violacoes_capacidade_total_excesso': 0, 'professores_com_violacao': 0, 'conflitos_totais': 0}]","[{'escore_total': 133, 'distribuicao_preferencias': {'pref_3': np.int64(42), 'pref_2': np.int64(3), 'pref_1': np.int64(1), 'pref_0': np.int64(1)}, 'violacoes_capacidade_total_excesso': 0, 'professores_com_violacao': 0, 'conflitos_totais': 0}]"
841.0,0.078125,"{'proporcao_perturbacao': 0.19686266740660008, 'n_interessados_por_turma': np.float64(2.8881454545454543)}","{'n_mudancas_horarios': 10, 'n_conflitos': np.float64(144.0)}",4,10.921875,57.015625,19.5625,150,350,13,191,"[{'escore_total': 141, 'distribuicao_preferencias': {'pref_3': np.int64(47), 'pref_2': 0, 'pref_1': 0, 'pref_0': 0}, 'violacoes_capacidade_total_excesso': 0, 'professores_com_violacao': 0, 'conflitos_totais': 0}]","[{'escore_total': 141, 'distribuicao_preferencias': {'pref_3': np.int64(47), 'pref_2': 0, 'pref_1': 0, 'pref_0': 0}, 'violacoes_capacidade_total_excesso': 0, 'professores_com_violacao': 0, 'conflitos_totais': 0}]","[{'escore_total': 141, 'distribuicao_preferencias': {'pref_3': np.int64(47), 'pref_2': 0, 'pref_1': 0, 'pref_0': 0}, 'violacoes_capacidade_total_excesso': 0, 'professores_com_violacao': 0, 'conflitos_totais': 0}]"
842.0,0.078125,"{'proporcao_perturbacao': 0.2281921641181681, 'n_interessados_por_turma': np.float64(3.4685983471074384)}","{'n_mudancas_horarios': 10, 'n_conflitos': np.float64(156.0)}",4,11.03125,33.28125,29.046875,150,350,2,55,"[{'escore_total': 141, 'distribuicao_preferencias': {'pref_3': np.int64(47), 'pref_2': 0, 'pref_1': 0, 'pref_0': 0}, 'violacoes_capacidade_total_excesso': 0, 'professores_com_violacao': 0, 'conflitos_totais': 0}]","[{'escore_total': 141, 'distribuicao_preferencias': {'pref_3': np.int64(47), 'pref_2': 0, 'pref_1': 0, 'pref_0': 0}, 'violacoes_capacidade_total_excesso': 0, 'professores_com_violacao': 0, 'conflitos_totais': 0}]","[{'escore_total': 140, 'distribuicao_preferencias': {'pref_3': np.int64(46), 'pref_2': np.int64(1), 'pref_1': 0, 'pref_0': 0}, 'violacoes_capacidade_total_excesso': 0, 'professores_com_violacao': 0, 'conflitos_totais': 0}]"
843.0,0.09375,"{'proporcao_perturbacao': 0.028257260672086615, 'n_interessados_por_turma': np.float64(2.0976784372652144)}","{'n_mudancas_horarios': 9, 'n_conflitos': np.float64(162.0)}",3,12.328125,43.015625,23.484375,150,350,15,262,"[{'escore_total': 137, 'distribuicao_preferencias': {'pref_3': np.int64(44), 'pref_2': np.int64(2), 'pref_1': np.int64(1), 'pref_0': 0}, 'violacoes_capacidade_total_excesso': 0, 'professores_com_violacao': 0, 'conflitos_totais': 0}]","[{'escore_total': 136, 'distribuicao_preferencias': {'pref_3': np.int64(43), 'pref_2': np.int64(3), 'pref_1': np.int64(1), 'pref_0': 0}, 'violacoes_capacidade_total_excesso': 0, 'professores_com_violacao': 0, 'conflitos_totais': 0}]","[{'escore_total': 137, 'distribuicao_preferencias': {'pref_3': np.int64(44), 'pref_2': np.int64(2), 'pref_1': np.int64(1), 'pref_0': 0}, 'violacoes_capacidade_total_excesso': 0, 'professores_com_violacao': 0, 'conflitos_totais': 0}]"
844.0,0.09375,"{'proporcao_perturbacao': 0.15087992458413252, 'n_interessados_por_turma': np.float64(2.506169601149838)}","{'n_mudancas_horarios': 10, 'n_conflitos': np.float64(141.0)}",5,11.25,51.359375,23.40625,150,350,2,153,"[{'escore_total': 138, 'distribuicao_preferencias': {'pref_3': np.int64(45), 'pref_2': np.int64(1), 'pref_1': np.int64(1), 'pref_0': 0}, 'violacoes_capacidade_total_excesso': 0, 'professores_com_violacao': 0, 'conflitos_totais': 0}]","[{'escore_total': 138, 'distribuicao_preferencias': {'pref_3': np.int64(45), 'pref_2': np.int64(1), 'pref_1': np.int64(1), 'pref_0': 0}, 'violacoes_capacidade_total_excesso': 0, 'professores_com_violacao': 0, 'conflitos_totais': 0}]","[{'escore_total': 134, 'distribuicao_preferencias': {'pref_3': np.int64(43), 'pref_2': np.int64(2), 'pref_1': np.int64(1), 'pref_0': np.int64(1)}, 'violacoes_capacidade_total_excesso': 0, 'professores_com_violacao': 0, 'conflitos_totais': 0}]"
845.0,0.09375,"{'proporcao_perturbacao': 0.07339899761748102, 'n_interessados_por_turma': np.float64(2.20073347107438)}","{'n_mudancas_horarios': 9, 'n_conflitos': np.float64(130.0)}",1,9.765625,60.625,29.59375,150,350,19,104,"[{'escore_total': 138, 'distribuicao_preferencias': {'pref_3': np.int64(45), 'pref_2': np.int64(1), 'pref_1': np.int64(1), 'pref_0': 0}, 'violacoes_capacidade_total_excesso': 0, 'professores_com_violacao': 0, 'conflitos_totais': 0}]","[{'escore_total': 136, 'distribuicao_preferencias': {'pref_3': np.int64(44), 'pref_2': np.int64(1), 'pref_1': np.int64(2), 'pref_0': 0}, 'violacoes_capacidade_total_excesso': 0, 'professores_com_violacao': 0, 'conflitos_totais': 0}]","[{'escore_total': 138, 'distribuicao_preferencias': {'pref_3': np.int64(45), 'pref_2': np.int64(1), 'pref_1': np.int64(1), 'pref_0': 0}, 'violacoes_capacidade_total_excesso': 0, 'professores_com_violacao': 0, 'conflitos_totais': 0}]"
846.0,0.0625,"{'proporcao_perturbacao': 0.08909030854799743, 'n_interessados_por_turma': np.float64(2.3958189331329827)}","{'n_mudancas_horarios': 9, 'n_conflitos': np.float64(151.0)}",2,11.4375,34.828125,74.109375,150,350,6,344,"[{'escore_total': 137, 'distribuicao_preferencias': {'pref_3': np.int64(44), 'pref_2': np.int64(2), 'pref_1': np.int64(1), 'pref_0': 0}, 'violacoes_capacidade_total_excesso': 0, 'professores_com_violacao': 0, 'conflitos_totais': 0}]","[{'escore_total': 137, 'distribuicao_preferencias': {'pref_3': np.int64(44), 'pref_2': np.int64(2), 'pref_1': np.int64(1), 'pref_0': 0}, 'violacoes_capacidade_total_excesso': 0, 'professores_com_violacao': 0, 'conflitos_totais': 0}]","[{'escore_total': 132, 'distribuicao_preferencias': {'pref_3': np.int64(40), 'pref_2': np.int64(5), 'pref_1': np.int64(2), 'pref_0': 0}, 'violacoes_capacidade_total_excesso': 0, 'professores_com_violacao': 0, 'conflitos_totais': 0}]"
847.0,0.078125,"{'proporcao_perturbacao': 0.11587782139652661, 'n_interessados_por_turma': np.float64(2.5025044915558747)}","{'n_mudancas_horarios': 9, 'n_conflitos': np.float64(158.0)}",1,11.140625,63.03125,21.484375,150,350,15,332,"[{'escore_total': 137, 'distribuicao_preferencias': {'pref_3': np.int64(45), 'pref_2': 0, 'pref_1': np.int64(2), 'pref_0': 0}, 'violacoes_capacidade_total_excesso': 0, 'professores_com_violacao': 0, 'conflitos_totais': 0}]","[{'escore_total': 137, 'distribuicao_preferencias': {'pref_3': np.int64(45), 'pref_2': 0, 'pref_1': np.int64(2), 'pref_0': 0}, 'violacoes_capacidade_total_excesso': 0, 'professores_com_violacao': 0, 'conflitos_totais': 0}]","[{'escore_total': 135, 'distribuicao_preferencias': {'pref_3': np.int64(43), 'pref_2': np.int64(2), 'pref_1': np.int64(2), 'pref_0': 0}, 'violacoes_capacidade_total_excesso': 0, 'professores_com_violacao': 0, 'conflitos_totais': 0}]"
848.0,0.078125,"{'proporcao_perturbacao': 0, 'n_interessados_por_turma': np.float64(2.102164502164502)}","{'n_mudancas_horarios': 9, 'n_conflitos': np.float64(131.0)}",0,10.59375,15.59375,27.25,150,350,8,199,"[{'escore_total': 132, 'distribuicao_preferencias': {'pref_3': np.int64(41), 'pref_2': np.int64(4), 'pref_1': np.int64(1), 'pref_0': np.int64(1)}, 'violacoes_capacidade_total_excesso': 0, 'professores_com_violacao': 0, 'conflitos_totais': 0}]","[{'escore_total': 129, 'distribuicao_preferencias': {'pref_3': np.int64(39), 'pref_2': np.int64(6), 'pref_1': 0, 'pref_0': np.int64(2)}, 'violacoes_capacidade_total_excesso': 0, 'professores_com_violacao': 0, 'conflitos_totais': 0}]","[{'escore_total': 129, 'distribuicao_preferencias': {'pref_3': np.int64(40), 'pref_2': np.int64(3), 'pref_1': np.int64(3), 'pref_0': np.int64(1)}, 'violacoes_capacidade_total_excesso': 0, 'professores_com_violacao': 0, 'conflitos_totais': 0}]"
849.0,0.0625,"{'proporcao_perturbacao': 0, 'n_interessados_por_turma': np.float64(2.102164502164502)}","{'n_mudancas_horarios': 8, 'n_conflitos': np.float64(160.0)}",1,11.78125,46.90625,55.8125,150,350,4,236,"[{'escore_total': 132, 'distribuicao_preferencias': {'pref_3': np.int64(40), 'pref_2': np.int64(5), 'pref_1': np.int64(2), 'pref_0': 0}, 'violacoes_capacidade_total_excesso': 0, 'professores_com_violacao': 0, 'conflitos_totais': 0}]","[{'escore_total': 131, 'distribuicao_preferencias': {'pref_3': np.int64(41), 'pref_2': np.int64(3), 'pref_1': np.int64(2), 'pref_0': np.int64(1)}, 'violacoes_capacidade_total_excesso': 0, 'professores_com_violacao': 0, 'conflitos_totais': 0}]","[{'escore_total': 133, 'distribuicao_preferencias': {'pref_3': np.int64(41), 'pref_2': np.int64(5), 'pref_1': 0, 'pref_0': np.int64(1)}, 'violacoes_capacidade_total_excesso': 0, 'professores_com_violacao': 0, 'conflitos_totais': 0}]"
850.0,0.078125,"{'proporcao_perturbacao': 0, 'n_interessados_por_turma': np.float64(2.102164502164502)}","{'n_mudancas_horarios': 9, 'n_conflitos': np.float64(162.0)}",4,11.65625,9.546875,13.203125,150,350,3,106,"[{'escore_total': 136, 'distribuicao_preferencias': {'pref_3': np.int64(43), 'pref_2': np.int64(3), 'pref_1': np.int64(1), 'pref_0': 0}, 'violacoes_capacidade_total_excesso': 0, 'professores_com_violacao': 0, 'conflitos_totais': 0}]","[{'escore_total': 127, 'distribuicao_preferencias': {'pref_3': np.int64(36), 'pref_2': np.int64(8), 'pref_1': np.int64(3), 'pref_0': 0}, 'violacoes_capacidade_total_excesso': 0, 'professores_com_violacao': 0, 'conflitos_totais': 0}]","[{'escore_total': 136, 'distribuicao_preferencias': {'pref_3': np.int64(43), 'pref_2': np.int64(3), 'pref_1': np.int64(1), 'pref_0': 0}, 'violacoes_capacidade_total_excesso': 0, 'professores_com_violacao': 0, 'conflitos_totais': 0}]"
851.0,0.09375,"{'proporcao_perturbacao': 0.2072740885834337, 'n_interessados_por_turma': np.float64(2.587651515151515)}","{'n_mudancas_horarios': 10, 'n_conflitos': np.float64(161.0)}",4,11.78125,75.984375,77.875,150,350,3,320,"[{'escore_total': 139, 'distribuicao_preferencias': {'pref_3': np.int64(46), 'pref_2': 0, 'pref_1': np.int64(1), 'pref_0': 0}, 'violacoes_capacidade_total_excesso': 0, 'professores_com_violacao': 0, 'conflitos_totais': 0}]","[{'escore_total': 139, 'distribuicao_preferencias': {'pref_3': np.int64(46), 'pref_2': 0, 'pref_1': np.int64(1), 'pref_0': 0}, 'violacoes_capacidade_total_excesso': 0, 'professores_com_violacao': 0, 'conflitos_totais': 0}]","[{'escore_total': 136, 'distribuicao_preferencias': {'pref_3': np.int64(44), 'pref_2': np.int64(1), 'pref_1': np.int64(2), 'pref_0': 0}, 'violacoes_capacidade_total_excesso': 0, 'professores_com_violacao': 0, 'conflitos_totais': 0}]"
852.0,0.078125,"{'proporcao_perturbacao': 0.12552967257708048, 'n_interessados_por_turma': np.float64(2.4412711530893354)}","{'n_mudancas_horarios': 10, 'n_conflitos': np.float64(141.0)}",5,10.34375,29.3125,38.984375,150,350,4,157,"[{'escore_total': 137, 'distribuicao_preferencias': {'pref_3': np.int64(43), 'pref_2': np.int64(4), 'pref_1': 0, 'pref_0': 0}, 'violacoes_capacidade_total_excesso': 0, 'professores_com_violacao': 0, 'conflitos_totais': 0}]","[{'escore_total': 137, 'distribuicao_preferencias': {'pref_3': np.int64(43), 'pref_2': np.int64(4), 'pref_1': 0, 'pref_0': 0}, 'violacoes_capacidade_total_excesso': 0, 'professores_com_violacao': 0, 'conflitos_totais': 0}]","[{'escore_total': 137, 'distribuicao_preferencias': {'pref_3': np.int64(43), 'pref_2': np.int64(4), 'pref_1': 0, 'pref_0': 0}, 'violacoes_capacidade_total_excesso': 0, 'professores_com_violacao': 0, 'conflitos_totais': 0}]"
853.0,0.0625,"{'proporcao_perturbacao': 0.05945722614589488, 'n_interessados_por_turma': np.float64(2.4741942148760327)}","{'n_mudancas_horarios': 9, 'n_conflitos': np.float64(140.0)}",4,10.421875,16.75,24.734375,150,350,6,166,"[{'escore_total': 140, 'distribuicao_preferencias': {'pref_3': np.int64(46), 'pref_2': np.int64(1), 'pref_1': 0, 'pref_0': 0}, 'violacoes_capacidade_total_excesso': 0, 'professores_com_violacao': 0, 'conflitos_totais': 0}]","[{'escore_total': 140, 'distribuicao_preferencias': {'pref_3': np.int64(46), 'pref_2': np.int64(1), 'pref_1': 0, 'pref_0': 0}, 'violacoes_capacidade_total_excesso': 0, 'professores_com_violacao': 0, 'conflitos_totais': 0}]","[{'escore_total': 135, 'distribuicao_preferencias': {'pref_3': np.int64(43), 'pref_2': np.int64(3), 'pref_1': 0, 'pref_0': np.int64(1)}, 'violacoes_capacidade_total_excesso': 0, 'professores_com_violacao': 0, 'conflitos_totais': 0}]"
854.0,0.09375,"{'proporcao_perturbacao': 0.22283796114349713, 'n_interessados_por_turma': np.float64(2.837685950413223)}","{'n_mudancas_horarios': 10, 'n_conflitos': np.float64(168.0)}",0,12.0,25.625,10.609375,150,350,25,278,"[{'escore_total': 135, 'distribuicao_preferencias': {'pref_3': np.int64(43), 'pref_2': np.int64(2), 'pref_1': np.int64(2), 'pref_0': 0}, 'violacoes_capacidade_total_excesso': 0, 'professores_com_violacao': 0, 'conflitos_totais': 0}]","[{'escore_total': 133, 'distribuicao_preferencias': {'pref_3': np.int64(43), 'pref_2': np.int64(1), 'pref_1': np.int64(2), 'pref_0': np.int64(1)}, 'violacoes_capacidade_total_excesso': 0, 'professores_com_violacao': 0, 'conflitos_totais': 0}]","[{'escore_total': 136, 'distribuicao_preferencias': {'pref_3': np.int64(45), 'pref_2': 0, 'pref_1': np.int64(1), 'pref_0': np.int64(1)}, 'violacoes_capacidade_total_excesso': 0, 'professores_com_violacao': 0, 'conflitos_totais': 0}]"
855.0,0.078125,"{'proporcao_perturbacao': 0.146728125278489, 'n_interessados_por_turma': np.float64(2.4740461432506886)}","{'n_mudancas_horarios': 10, 'n_conflitos': np.float64(147.0)}",3,11.484375,51.0625,21.296875,150,350,6,167,"[{'escore_total': 140, 'distribuicao_preferencias': {'pref_3': np.int64(46), 'pref_2': np.int64(1), 'pref_1': 0, 'pref_0': 0}, 'violacoes_capacidade_total_excesso': 0, 'professores_com_violacao': 0, 'conflitos_totais': 0}]","[{'escore_total': 140, 'distribuicao_preferencias': {'pref_3': np.int64(46), 'pref_2': np.int64(1), 'pref_1': 0, 'pref_0': 0}, 'violacoes_capacidade_total_excesso': 0, 'professores_com_violacao': 0, 'conflitos_totais': 0}]","[{'escore_total': 139, 'distribuicao_preferencias': {'pref_3': np.int64(45), 'pref_2': np.int64(2), 'pref_1': 0, 'pref_0': 0}, 'violacoes_capacidade_total_excesso': 0, 'professores_com_violacao': 0, 'conflitos_totais': 0}]"
856.0,0.078125,"{'proporcao_perturbacao': 0.1744753848944809, 'n_interessados_por_turma': np.float64(2.926006611570248)}","{'n_mudancas_horarios': 10, 'n_conflitos': np.float64(149.0)}",2,11.03125,59.421875,21.25,150,350,23,281,"[{'escore_total': 141, 'distribuicao_preferencias': {'pref_3': np.int64(47), 'pref_2': 0, 'pref_1': 0, 'pref_0': 0}, 'violacoes_capacidade_total_excesso': 0, 'professores_com_violacao': 0, 'conflitos_totais': 0}]","[{'escore_total': 141, 'distribuicao_preferencias': {'pref_3': np.int64(47), 'pref_2': 0, 'pref_1': 0, 'pref_0': 0}, 'violacoes_capacidade_total_excesso': 0, 'professores_com_violacao': 0, 'conflitos_totais': 0}]","[{'escore_total': 140, 'distribuicao_preferencias': {'pref_3': np.int64(46), 'pref_2': np.int64(1), 'pref_1': 0, 'pref_0': 0}, 'violacoes_capacidade_total_excesso': 0, 'professores_com_violacao': 0, 'conflitos_totais': 0}]"
857.0,0.078125,"{'proporcao_perturbacao': 0.23169205635262868, 'n_interessados_por_turma': np.float64(3.4267537190082646)}","{'n_mudancas_horarios': 10, 'n_conflitos': np.float64(146.0)}",1,10.640625,29.3125,17.640625,150,350,3,167,"[{'escore_total': 141, 'distribuicao_preferencias': {'pref_3': np.int64(47), 'pref_2': 0, 'pref_1': 0, 'pref_0': 0}, 'violacoes_capacidade_total_excesso': 0, 'professores_com_violacao': 0, 'conflitos_totais': 0}]","[{'escore_total': 141, 'distribuicao_preferencias': {'pref_3': np.int64(47), 'pref_2': 0, 'pref_1': 0, 'pref_0': 0}, 'violacoes_capacidade_total_excesso': 0, 'professores_com_violacao': 0, 'conflitos_totais': 0}]","[{'escore_total': 141, 'distribuicao_preferencias': {'pref_3': np.int64(47), 'pref_2': 0, 'pref_1': 0, 'pref_0': 0}, 'violacoes_capacidade_total_excesso': 0, 'professores_com_violacao': 0, 'conflitos_totais': 0}]"
858.0,0.0625,"{'proporcao_perturbacao': 0, 'n_interessados_por_turma': np.float64(2.102164502164502)}","{'n_mudancas_horarios': 8, 'n_conflitos': np.float64(158.0)}",4,11.359375,31.046875,24.59375,150,350,2,253,"[{'escore_total': 136, 'distribuicao_preferencias': {'pref_3': np.int64(43), 'pref_2': np.int64(3), 'pref_1': np.int64(1), 'pref_0': 0}, 'violacoes_capacidade_total_excesso': 0, 'professores_com_violacao': 0, 'conflitos_totais': 0}]","[{'escore_total': 135, 'distribuicao_preferencias': {'pref_3': np.int64(42), 'pref_2': np.int64(4), 'pref_1': np.int64(1), 'pref_0': 0}, 'violacoes_capacidade_total_excesso': 0, 'professores_com_violacao': 0, 'conflitos_totais': 0}]","[{'escore_total': 135, 'distribuicao_preferencias': {'pref_3': np.int64(42), 'pref_2': np.int64(4), 'pref_1': np.int64(1), 'pref_0': 0}, 'violacoes_capacidade_total_excesso': 0, 'professores_com_violacao': 0, 'conflitos_totais': 0}]"
859.0,0.09375,"{'proporcao_perturbacao': 0.07342320711057355, 'n_interessados_por_turma': np.float64(2.1487224517906336)}","{'n_mudancas_horarios': 9, 'n_conflitos': np.float64(156.0)}",2,11.859375,23.8125,9.59375,150,350,4,86,"[{'escore_total': 140, 'distribuicao_preferencias': {'pref_3': np.int64(46), 'pref_2': np.int64(1), 'pref_1': 0, 'pref_0': 0}, 'violacoes_capacidade_total_excesso': 0, 'professores_com_violacao': 0, 'conflitos_totais': 0}]","[{'escore_total': 140, 'distribuicao_preferencias': {'pref_3': np.int64(46), 'pref_2': np.int64(1), 'pref_1': 0, 'pref_0': 0}, 'violacoes_capacidade_total_excesso': 0, 'professores_com_violacao': 0, 'conflitos_totais': 0}]","[{'escore_total': 140, 'distribuicao_preferencias': {'pref_3': np.int64(46), 'pref_2': np.int64(1), 'pref_1': 0, 'pref_0': 0}, 'violacoes_capacidade_total_excesso': 0, 'professores_com_violacao': 0, 'conflitos_totais': 0}]"
860.0,0.09375,"{'proporcao_perturbacao': 0.19252896413790738, 'n_interessados_por_turma': np.float64(2.7244077134986227)}","{'n_mudancas_horarios': 10, 'n_conflitos': np.float64(159.0)}",1,11.828125,24.0625,20.8125,150,350,3,46,"[{'escore_total': 139, 'distribuicao_preferencias': {'pref_3': np.int64(46), 'pref_2': 0, 'pref_1': np.int64(1), 'pref_0': 0}, 'violacoes_capacidade_total_excesso': 0, 'professores_com_violacao': 0, 'conflitos_totais': 0}]","[{'escore_total': 129, 'distribuicao_preferencias': {'pref_3': np.int64(39), 'pref_2': np.int64(4), 'pref_1': np.int64(4), 'pref_0': 0}, 'violacoes_capacidade_total_excesso': 0, 'professores_com_violacao': 0, 'conflitos_totais': 0}]","[{'escore_total': 139, 'distribuicao_preferencias': {'pref_3': np.int64(46), 'pref_2': 0, 'pref_1': np.int64(1), 'pref_0': 0}, 'violacoes_capacidade_total_excesso': 0, 'professores_com_violacao': 0, 'conflitos_totais': 0}]"
861.0,0.078125,"{'proporcao_perturbacao': 0.17690949640820122, 'n_interessados_por_turma': np.float64(3.2900467121810997)}","{'n_mudancas_horarios': 10, 'n_conflitos': np.float64(143.0)}",5,10.6875,8.921875,40.0,150,350,3,42,"[{'escore_total': 138, 'distribuicao_preferencias': {'pref_3': np.int64(45), 'pref_2': np.int64(1), 'pref_1': np.int64(1), 'pref_0': 0}, 'violacoes_capacidade_total_excesso': 0, 'professores_com_violacao': 0, 'conflitos_totais': 0}]","[{'escore_total': 137, 'distribuicao_preferencias': {'pref_3': np.int64(44), 'pref_2': np.int64(2), 'pref_1': np.int64(1), 'pref_0': 0}, 'violacoes_capacidade_total_excesso': 0, 'professores_com_violacao': 0, 'conflitos_totais': 0}]","[{'escore_total': 138, 'distribuicao_preferencias': {'pref_3': np.int64(45), 'pref_2': np.int64(1), 'pref_1': np.int64(1), 'pref_0': 0}, 'violacoes_capacidade_total_excesso': 0, 'professores_com_violacao': 0, 'conflitos_totais': 0}]"
862.0,0.09375,"{'proporcao_perturbacao': 0.008975870335445627, 'n_interessados_por_turma': np.float64(2.14978354978355)}","{'n_mudancas_horarios': 9, 'n_conflitos': np.float64(166.0)}",3,12.109375,23.109375,43.71875,150,350,8,346,"[{'escore_total': 136, 'distribuicao_preferencias': {'pref_3': np.int64(43), 'pref_2': np.int64(3), 'pref_1': np.int64(1), 'pref_0': 0}, 'violacoes_capacidade_total_excesso': 0, 'professores_com_violacao': 0, 'conflitos_totais': 0}]","[{'escore_total': 136, 'distribuicao_preferencias': {'pref_3': np.int64(43), 'pref_2': np.int64(3), 'pref_1': np.int64(1), 'pref_0': 0}, 'violacoes_capacidade_total_excesso': 0, 'professores_com_violacao': 0, 'conflitos_totais': 0}]","[{'escore_total': 130, 'distribuicao_preferencias': {'pref_3': np.int64(38), 'pref_2': np.int64(7), 'pref_1': np.int64(2), 'pref_0': 0}, 'violacoes_capacidade_total_excesso': 0, 'professores_com_violacao': 0, 'conflitos_totais': 0}]"
863.0,0.078125,"{'proporcao_perturbacao': 0.05429313418833426, 'n_interessados_por_turma': np.float64(2.5036579231045635)}","{'n_mudancas_horarios': 9, 'n_conflitos': np.float64(146.0)}",2,11.296875,66.515625,27.125,150,350,2,107,"[{'escore_total': 139, 'distribuicao_preferencias': {'pref_3': np.int64(45), 'pref_2': np.int64(2), 'pref_1': 0, 'pref_0': 0}, 'violacoes_capacidade_total_excesso': 0, 'professores_com_violacao': 0, 'conflitos_totais': 0}]","[{'escore_total': 139, 'distribuicao_preferencias': {'pref_3': np.int64(45), 'pref_2': np.int64(2), 'pref_1': 0, 'pref_0': 0}, 'violacoes_capacidade_total_excesso': 0, 'professores_com_violacao': 0, 'conflitos_totais': 0}]","[{'escore_total': 139, 'distribuicao_preferencias': {'pref_3': np.int64(45), 'pref_2': np.int64(2), 'pref_1': 0, 'pref_0': 0}, 'violacoes_capacidade_total_excesso': 0, 'professores_com_violacao': 0, 'conflitos_totais': 0}]"
864.0,0.0625,"{'proporcao_perturbacao': 0.10758745220807138, 'n_interessados_por_turma': np.float64(2.585878099173554)}","{'n_mudancas_horarios': 9, 'n_conflitos': np.float64(145.0)}",1,10.765625,21.71875,34.953125,150,350,17,256,"[{'escore_total': 139, 'distribuicao_preferencias': {'pref_3': np.int64(46), 'pref_2': 0, 'pref_1': np.int64(1), 'pref_0': 0}, 'violacoes_capacidade_total_excesso': 0, 'professores_com_violacao': 0, 'conflitos_totais': 0}]","[{'escore_total': 139, 'distribuicao_preferencias': {'pref_3': np.int64(46), 'pref_2': 0, 'pref_1': np.int64(1), 'pref_0': 0}, 'violacoes_capacidade_total_excesso': 0, 'professores_com_violacao': 0, 'conflitos_totais': 0}]","[{'escore_total': 130, 'distribuicao_preferencias': {'pref_3': np.int64(42), 'pref_2': np.int64(2), 'pref_1': 0, 'pref_0': np.int64(3)}, 'violacoes_capacidade_total_excesso': 0, 'professores_com_violacao': 0, 'conflitos_totais': 0}]"
865.0,0.0625,"{'proporcao_perturbacao': 0.1292353285804494, 'n_interessados_por_turma': np.float64(2.782498121712998)}","{'n_mudancas_horarios': 10, 'n_conflitos': np.float64(188.0)}",2,13.296875,53.65625,49.828125,150,350,2,301,"[{'escore_total': 138, 'distribuicao_preferencias': {'pref_3': np.int64(44), 'pref_2': np.int64(3), 'pref_1': 0, 'pref_0': 0}, 'violacoes_capacidade_total_excesso': 0, 'professores_com_violacao': 0, 'conflitos_totais': 0}]","[{'escore_total': 138, 'distribuicao_preferencias': {'pref_3': np.int64(44), 'pref_2': np.int64(3), 'pref_1': 0, 'pref_0': 0}, 'violacoes_capacidade_total_excesso': 0, 'professores_com_violacao': 0, 'conflitos_totais': 0}]","[{'escore_total': 138, 'distribuicao_preferencias': {'pref_3': np.int64(44), 'pref_2': np.int64(3), 'pref_1': 0, 'pref_0': 0}, 'violacoes_capacidade_total_excesso': 0, 'professores_com_violacao': 0, 'conflitos_totais': 0}]"
866.0,0.078125,"{'proporcao_perturbacao': 0.13524338238500222, 'n_interessados_por_turma': np.float64(2.8799724517906338)}","{'n_mudancas_horarios': 10, 'n_conflitos': np.float64(161.0)}",3,11.578125,62.015625,18.203125,150,350,2,299,"[{'escore_total': 139, 'distribuicao_preferencias': {'pref_3': np.int64(46), 'pref_2': 0, 'pref_1': np.int64(1), 'pref_0': 0}, 'violacoes_capacidade_total_excesso': 0, 'professores_com_violacao': 0, 'conflitos_totais': 0}]","[{'escore_total': 139, 'distribuicao_preferencias': {'pref_3': np.int64(46), 'pref_2': 0, 'pref_1': np.int64(1), 'pref_0': 0}, 'violacoes_capacidade_total_excesso': 0, 'professores_com_violacao': 0, 'conflitos_totais': 0}]","[{'escore_total': 129, 'distribuicao_preferencias': {'pref_3': np.int64(40), 'pref_2': np.int64(4), 'pref_1': np.int64(1), 'pref_0': np.int64(2)}, 'violacoes_capacidade_total_excesso': 0, 'professores_com_violacao': 0, 'conflitos_totais': 0}]"
867.0,0.078125,"{'proporcao_perturbacao': 0.08613957980379305, 'n_interessados_por_turma': np.float64(2.4670287288469104)}","{'n_mudancas_horarios': 9, 'n_conflitos': np.float64(166.0)}",0,11.671875,71.875,28.421875,150,350,3,233,"[{'escore_total': 133, 'distribuicao_preferencias': {'pref_3': np.int64(42), 'pref_2': np.int64(2), 'pref_1': np.int64(3), 'pref_0': 0}, 'violacoes_capacidade_total_excesso': 0, 'professores_com_violacao': 0, 'conflitos_totais': 0}]","[{'escore_total': 121, 'distribuicao_preferencias': {'pref_3': np.int64(35), 'pref_2': np.int64(6), 'pref_1': np.int64(4), 'pref_0': np.int64(2)}, 'violacoes_capacidade_total_excesso': 0, 'professores_com_violacao': 0, 'conflitos_totais': 0}]","[{'escore_total': 126, 'distribuicao_preferencias': {'pref_3': np.int64(39), 'pref_2': np.int64(3), 'pref_1': np.int64(3), 'pref_0': np.int64(2)}, 'violacoes_capacidade_total_excesso': 0, 'professores_com_violacao': 0, 'conflitos_totais': 0}]"
868.0,0.078125,"{'proporcao_perturbacao': 0.0523206451698226, 'n_interessados_por_turma': np.float64(2.372577725304998)}","{'n_mudancas_horarios': 9, 'n_conflitos': np.float64(174.0)}",3,12.578125,56.203125,47.25,150,350,5,64,"[{'escore_total': 136, 'distribuicao_preferencias': {'pref_3': np.int64(43), 'pref_2': np.int64(3), 'pref_1': np.int64(1), 'pref_0': 0}, 'violacoes_capacidade_total_excesso': 0, 'professores_com_violacao': 0, 'conflitos_totais': 0}]","[{'escore_total': 136, 'distribuicao_preferencias': {'pref_3': np.int64(43), 'pref_2': np.int64(3), 'pref_1': np.int64(1), 'pref_0': 0}, 'violacoes_capacidade_total_excesso': 0, 'professores_com_violacao': 0, 'conflitos_totais': 0}]","[{'escore_total': 135, 'distribuicao_preferencias': {'pref_3': np.int64(42), 'pref_2': np.int64(4), 'pref_1': np.int64(1), 'pref_0': 0}, 'violacoes_capacidade_total_excesso': 0, 'professores_com_violacao': 0, 'conflitos_totais': 0}]"
869.0,0.078125,"{'proporcao_perturbacao': 0.06714956166488797, 'n_interessados_por_turma': np.float64(1.9642256557671578)}","{'n_mudancas_horarios': 9, 'n_conflitos': np.float64(166.0)}",0,11.90625,18.421875,36.9375,150,350,54,170,"[{'escore_total': 134, 'distribuicao_preferencias': {'pref_3': np.int64(43), 'pref_2': np.int64(1), 'pref_1': np.int64(3), 'pref_0': 0}, 'violacoes_capacidade_total_excesso': 0, 'professores_com_violacao': 0, 'conflitos_totais': 0}]","[{'escore_total': 135, 'distribuicao_preferencias': {'pref_3': np.int64(45), 'pref_2': 0, 'pref_1': 0, 'pref_0': np.int64(2)}, 'violacoes_capacidade_total_excesso': 0, 'professores_com_violacao': 0, 'conflitos_totais': 0}]","[{'escore_total': 132, 'distribuicao_preferencias': {'pref_3': np.int64(42), 'pref_2': np.int64(3), 'pref_1': 0, 'pref_0': np.int64(2)}, 'violacoes_capacidade_total_excesso': 0, 'professores_com_violacao': 0, 'conflitos_totais': 0}]"
870.0,0.078125,"{'proporcao_perturbacao': 0.29991433646758064, 'n_interessados_por_turma': np.float64(3.629953719008264)}","{'n_mudancas_horarios': 10, 'n_conflitos': np.float64(161.0)}",3,11.65625,66.4375,69.328125,150,350,37,344,"[{'escore_total': 141, 'distribuicao_preferencias': {'pref_3': np.int64(47), 'pref_2': 0, 'pref_1': 0, 'pref_0': 0}, 'violacoes_capacidade_total_excesso': 0, 'professores_com_violacao': 0, 'conflitos_totais': 0}]","[{'escore_total': 141, 'distribuicao_preferencias': {'pref_3': np.int64(47), 'pref_2': 0, 'pref_1': 0, 'pref_0': 0}, 'violacoes_capacidade_total_excesso': 0, 'professores_com_violacao': 0, 'conflitos_totais': 0}]","[{'escore_total': 134, 'distribuicao_preferencias': {'pref_3': np.int64(42), 'pref_2': np.int64(3), 'pref_1': np.int64(2), 'pref_0': 0}, 'violacoes_capacidade_total_excesso': 0, 'professores_com_violacao': 0, 'conflitos_totais': 0}]"
871.0,0.09375,"{'proporcao_perturbacao': 0.012068738731054282, 'n_interessados_por_turma': np.float64(2.0857813673929377)}","{'n_mudancas_horarios': 9, 'n_conflitos': np.float64(144.0)}",0,10.828125,21.28125,15.59375,150,350,41,340,"[{'escore_total': 135, 'distribuicao_preferencias': {'pref_3': np.int64(44), 'pref_2': np.int64(1), 'pref_1': np.int64(1), 'pref_0': np.int64(1)}, 'violacoes_capacidade_total_excesso': 0, 'professores_com_violacao': 0, 'conflitos_totais': 0}]","[{'escore_total': 135, 'distribuicao_preferencias': {'pref_3': np.int64(44), 'pref_2': np.int64(1), 'pref_1': np.int64(1), 'pref_0': np.int64(1)}, 'violacoes_capacidade_total_excesso': 0, 'professores_com_violacao': 0, 'conflitos_totais': 0}]","[{'escore_total': 133, 'distribuicao_preferencias': {'pref_3': np.int64(44), 'pref_2': 0, 'pref_1': np.int64(1), 'pref_0': np.int64(2)}, 'violacoes_capacidade_total_excesso': 0, 'professores_com_violacao': 0, 'conflitos_totais': 0}]"
872.0,0.0625,"{'proporcao_perturbacao': 0.05509781767395353, 'n_interessados_por_turma': np.float64(2.243211870773854)}","{'n_mudancas_horarios': 9, 'n_conflitos': np.float64(153.0)}",1,10.75,31.71875,26.125,150,350,31,281,"[{'escore_total': 138, 'distribuicao_preferencias': {'pref_3': np.int64(44), 'pref_2': np.int64(3), 'pref_1': 0, 'pref_0': 0}, 'violacoes_capacidade_total_excesso': 0, 'professores_com_violacao': 0, 'conflitos_totais': 0}]","[{'escore_total': 137, 'distribuicao_preferencias': {'pref_3': np.int64(43), 'pref_2': np.int64(4), 'pref_1': 0, 'pref_0': 0}, 'violacoes_capacidade_total_excesso': 0, 'professores_com_violacao': 0, 'conflitos_totais': 0}]","[{'escore_total': 138, 'distribuicao_preferencias': {'pref_3': np.int64(44), 'pref_2': np.int64(3), 'pref_1': 0, 'pref_0': 0}, 'violacoes_capacidade_total_excesso': 0, 'professores_com_violacao': 0, 'conflitos_totais': 0}]"
873.0,0.078125,"{'proporcao_perturbacao': 0.18842800402642734, 'n_interessados_por_turma': np.float64(3.3470212001437303)}","{'n_mudancas_horarios': 10, 'n_conflitos': np.float64(129.0)}",1,10.0625,8.921875,76.234375,150,350,5,326,"[{'escore_total': 137, 'distribuicao_preferencias': {'pref_3': np.int64(45), 'pref_2': np.int64(1), 'pref_1': 0, 'pref_0': np.int64(1)}, 'violacoes_capacidade_total_excesso': 0, 'professores_com_violacao': 0, 'conflitos_totais': 0}]","[{'escore_total': 134, 'distribuicao_preferencias': {'pref_3': np.int64(42), 'pref_2': np.int64(4), 'pref_1': 0, 'pref_0': np.int64(1)}, 'violacoes_capacidade_total_excesso': 0, 'professores_com_violacao': 0, 'conflitos_totais': 0}]","[{'escore_total': 130, 'distribuicao_preferencias': {'pref_3': np.int64(42), 'pref_2': 0, 'pref_1': np.int64(4), 'pref_0': np.int64(1)}, 'violacoes_capacidade_total_excesso': 0, 'professores_com_violacao': 0, 'conflitos_totais': 0}]"
874.0,0.0625,"{'proporcao_perturbacao': 0.08170591507292821, 'n_interessados_por_turma': np.float64(2.635434868162141)}","{'n_mudancas_horarios': 9, 'n_conflitos': np.float64(156.0)}",5,11.5625,53.71875,10.421875,150,350,14,308,"[{'escore_total': 136, 'distribuicao_preferencias': {'pref_3': np.int64(43), 'pref_2': np.int64(3), 'pref_1': np.int64(1), 'pref_0': 0}, 'violacoes_capacidade_total_excesso': 0, 'professores_com_violacao': 0, 'conflitos_totais': 0}]","[{'escore_total': 136, 'distribuicao_preferencias': {'pref_3': np.int64(43), 'pref_2': np.int64(3), 'pref_1': np.int64(1), 'pref_0': 0}, 'violacoes_capacidade_total_excesso': 0, 'professores_com_violacao': 0, 'conflitos_totais': 0}]","[{'escore_total': 134, 'distribuicao_preferencias': {'pref_3': np.int64(41), 'pref_2': np.int64(5), 'pref_1': np.int64(1), 'pref_0': 0}, 'violacoes_capacidade_total_excesso': 0, 'professores_com_violacao': 0, 'conflitos_totais': 0}]"
875.0,0.09375,"{'proporcao_perturbacao': 0.061542589444142044, 'n_interessados_por_turma': np.float64(2.5058608815427)}","{'n_mudancas_horarios': 9, 'n_conflitos': np.float64(145.0)}",2,10.84375,36.671875,54.671875,150,350,8,96,"[{'escore_total': 137, 'distribuicao_preferencias': {'pref_3': np.int64(44), 'pref_2': np.int64(2), 'pref_1': np.int64(1), 'pref_0': 0}, 'violacoes_capacidade_total_excesso': 0, 'professores_com_violacao': 0, 'conflitos_totais': 0}]","[{'escore_total': 137, 'distribuicao_preferencias': {'pref_3': np.int64(44), 'pref_2': np.int64(2), 'pref_1': np.int64(1), 'pref_0': 0}, 'violacoes_capacidade_total_excesso': 0, 'professores_com_violacao': 0, 'conflitos_totais': 0}]","[{'escore_total': 136, 'distribuicao_preferencias': {'pref_3': np.int64(43), 'pref_2': np.int64(3), 'pref_1': np.int64(1), 'pref_0': 0}, 'violacoes_capacidade_total_excesso': 0, 'professores_com_violacao': 0, 'conflitos_totais': 0}]"
876.0,0.09375,"{'proporcao_perturbacao': 0.04127390844531997, 'n_interessados_por_turma': np.float64(2.1066303531179567)}","{'n_mudancas_horarios': 9, 'n_conflitos': np.float64(142.0)}",2,10.671875,27.234375,7.90625,150,350,3,238,"[{'escore_total': 137, 'distribuicao_preferencias': {'pref_3': np.int64(44), 'pref_2': np.int64(2), 'pref_1': np.int64(1), 'pref_0': 0}, 'violacoes_capacidade_total_excesso': 0, 'professores_com_violacao': 0, 'conflitos_totais': 0}]","[{'escore_total': 135, 'distribuicao_preferencias': {'pref_3': np.int64(42), 'pref_2': np.int64(4), 'pref_1': np.int64(1), 'pref_0': 0}, 'violacoes_capacidade_total_excesso': 0, 'professores_com_violacao': 0, 'conflitos_totais': 0}]","[{'escore_total': 118, 'distribuicao_preferencias': {'pref_3': np.int64(34), 'pref_2': np.int64(6), 'pref_1': np.int64(4), 'pref_0': np.int64(3)}, 'violacoes_capacidade_total_excesso': 0, 'professores_com_violacao': 0, 'conflitos_totais': 0}]"
877.0,0.078125,"{'proporcao_perturbacao': 0.18291192110214427, 'n_interessados_por_turma': np.float64(2.694573002754821)}","{'n_mudancas_horarios': 10, 'n_conflitos': np.float64(150.0)}",0,10.40625,23.71875,24.03125,150,350,9,225,"[{'escore_total': 137, 'distribuicao_preferencias': {'pref_3': np.int64(44), 'pref_2': np.int64(2), 'pref_1': np.int64(1), 'pref_0': 0}, 'violacoes_capacidade_total_excesso': 0, 'professores_com_violacao': 0, 'conflitos_totais': 0}]","[{'escore_total': 136, 'distribuicao_preferencias': {'pref_3': np.int64(45), 'pref_2': 0, 'pref_1': np.int64(1), 'pref_0': np.int64(1)}, 'violacoes_capacidade_total_excesso': 0, 'professores_com_violacao': 0, 'conflitos_totais': 0}]","[{'escore_total': 130, 'distribuicao_preferencias': {'pref_3': np.int64(39), 'pref_2': np.int64(5), 'pref_1': np.int64(3), 'pref_0': 0}, 'violacoes_capacidade_total_excesso': 0, 'professores_com_violacao': 0, 'conflitos_totais': 0}]"
878.0,0.0625,"{'proporcao_perturbacao': 0.13615585348264386, 'n_interessados_por_turma': np.float64(2.5953340220385672)}","{'n_mudancas_horarios': 10, 'n_conflitos': np.float64(148.0)}",1,10.65625,33.34375,33.140625,150,350,11,201,"[{'escore_total': 138, 'distribuicao_preferencias': {'pref_3': np.int64(44), 'pref_2': np.int64(3), 'pref_1': 0, 'pref_0': 0}, 'violacoes_capacidade_total_excesso': 0, 'professores_com_violacao': 0, 'conflitos_totais': 0}]","[{'escore_total': 137, 'distribuicao_preferencias': {'pref_3': np.int64(44), 'pref_2': np.int64(2), 'pref_1': np.int64(1), 'pref_0': 0}, 'violacoes_capacidade_total_excesso': 0, 'professores_com_violacao': 0, 'conflitos_totais': 0}]","[{'escore_total': 132, 'distribuicao_preferencias': {'pref_3': np.int64(40), 'pref_2': np.int64(5), 'pref_1': np.int64(2), 'pref_0': 0}, 'violacoes_capacidade_total_excesso': 0, 'professores_com_violacao': 0, 'conflitos_totais': 0}]"
879.0,0.09375,"{'proporcao_perturbacao': 0.20018883484736893, 'n_interessados_por_turma': np.float64(2.5540760330578514)}","{'n_mudancas_horarios': 10, 'n_conflitos': np.float64(149.0)}",3,11.25,10.296875,5.84375,150,350,3,103,"[{'escore_total': 141, 'distribuicao_preferencias': {'pref_3': np.int64(47), 'pref_2': 0, 'pref_1': 0, 'pref_0': 0}, 'violacoes_capacidade_total_excesso': 0, 'professores_com_violacao': 0, 'conflitos_totais': 0}]","[{'escore_total': 141, 'distribuicao_preferencias': {'pref_3': np.int64(47), 'pref_2': 0, 'pref_1': 0, 'pref_0': 0}, 'violacoes_capacidade_total_excesso': 0, 'professores_com_violacao': 0, 'conflitos_totais': 0}]","[{'escore_total': 139, 'distribuicao_preferencias': {'pref_3': np.int64(46), 'pref_2': 0, 'pref_1': np.int64(1), 'pref_0': 0}, 'violacoes_capacidade_total_excesso': 0, 'professores_com_violacao': 0, 'conflitos_totais': 0}]"
880.0,0.0625,"{'proporcao_perturbacao': 0.0641359744713283, 'n_interessados_por_turma': np.float64(2.218824192336589)}","{'n_mudancas_horarios': 9, 'n_conflitos': np.float64(150.0)}",4,11.59375,51.734375,9.34375,150,350,2,226,"[{'escore_total': 137, 'distribuicao_preferencias': {'pref_3': np.int64(44), 'pref_2': np.int64(2), 'pref_1': np.int64(1), 'pref_0': 0}, 'violacoes_capacidade_total_excesso': 0, 'professores_com_violacao': 0, 'conflitos_totais': 0}]","[{'escore_total': 137, 'distribuicao_preferencias': {'pref_3': np.int64(44), 'pref_2': np.int64(2), 'pref_1': np.int64(1), 'pref_0': 0}, 'violacoes_capacidade_total_excesso': 0, 'professores_com_violacao': 0, 'conflitos_totais': 0}]","[{'escore_total': 136, 'distribuicao_preferencias': {'pref_3': np.int64(43), 'pref_2': np.int64(3), 'pref_1': np.int64(1), 'pref_0': 0}, 'violacoes_capacidade_total_excesso': 0, 'professores_com_violacao': 0, 'conflitos_totais': 0}]"
881.0,0.09375,"{'proporcao_perturbacao': 0.2702998587601661, 'n_interessados_por_turma': np.float64(3.1108231404958677)}","{'n_mudancas_horarios': 10, 'n_conflitos': np.float64(160.0)}",0,11.671875,9.328125,19.921875,150,350,2,30,"[{'escore_total': 141, 'distribuicao_preferencias': {'pref_3': np.int64(47), 'pref_2': 0, 'pref_1': 0, 'pref_0': 0}, 'violacoes_capacidade_total_excesso': 0, 'professores_com_violacao': 0, 'conflitos_totais': 0}]","[{'escore_total': 139, 'distribuicao_preferencias': {'pref_3': np.int64(46), 'pref_2': 0, 'pref_1': np.int64(1), 'pref_0': 0}, 'violacoes_capacidade_total_excesso': 0, 'professores_com_violacao': 0, 'conflitos_totais': 0}]","[{'escore_total': 139, 'distribuicao_preferencias': {'pref_3': np.int64(46), 'pref_2': 0, 'pref_1': np.int64(1), 'pref_0': 0}, 'violacoes_capacidade_total_excesso': 0, 'professores_com_violacao': 0, 'conflitos_totais': 0}]"
882.0,0.078125,"{'proporcao_perturbacao': 0.05657883889028711, 'n_interessados_por_turma': np.float64(2.337733175914994)}","{'n_mudancas_horarios': 9, 'n_conflitos': np.float64(145.0)}",0,10.921875,77.078125,57.890625,150,350,10,186,"[{'escore_total': 130, 'distribuicao_preferencias': {'pref_3': np.int64(40), 'pref_2': np.int64(3), 'pref_1': np.int64(4), 'pref_0': 0}, 'violacoes_capacidade_total_excesso': 0, 'professores_com_violacao': 0, 'conflitos_totais': 0}]","[{'escore_total': 131, 'distribuicao_preferencias': {'pref_3': np.int64(41), 'pref_2': np.int64(3), 'pref_1': np.int64(2), 'pref_0': np.int64(1)}, 'violacoes_capacidade_total_excesso': 0, 'professores_com_violacao': 0, 'conflitos_totais': 0}]","[{'escore_total': 130, 'distribuicao_preferencias': {'pref_3': np.int64(41), 'pref_2': np.int64(3), 'pref_1': np.int64(1), 'pref_0': np.int64(2)}, 'violacoes_capacidade_total_excesso': 0, 'professores_com_violacao': 0, 'conflitos_totais': 0}]"
883.0,0.09375,"{'proporcao_perturbacao': 0.07846146499797425, 'n_interessados_por_turma': np.float64(2.356783746556474)}","{'n_mudancas_horarios': 9, 'n_conflitos': np.float64(137.0)}",0,9.703125,27.0625,35.125,150,350,3,343,"[{'escore_total': 139, 'distribuicao_preferencias': {'pref_3': np.int64(45), 'pref_2': np.int64(2), 'pref_1': 0, 'pref_0': 0}, 'violacoes_capacidade_total_excesso': 0, 'professores_com_violacao': 0, 'conflitos_totais': 0}]","[{'escore_total': 122, 'distribuicao_preferencias': {'pref_3': np.int64(35), 'pref_2': np.int64(7), 'pref_1': np.int64(3), 'pref_0': np.int64(2)}, 'violacoes_capacidade_total_excesso': 0, 'professores_com_violacao': 0, 'conflitos_totais': 0}]","[{'escore_total': 137, 'distribuicao_preferencias': {'pref_3': np.int64(44), 'pref_2': np.int64(2), 'pref_1': np.int64(1), 'pref_0': 0}, 'violacoes_capacidade_total_excesso': 0, 'professores_com_violacao': 0, 'conflitos_totais': 0}]"
884.0,0.0625,"{'proporcao_perturbacao': 0.25665392043755986, 'n_interessados_por_turma': np.float64(2.430802341597796)}","{'n_mudancas_horarios': 10, 'n_conflitos': np.float64(170.0)}",4,8.15625,25.1875,22.984375,150,350,4,199,"[{'escore_total': 138, 'distribuicao_preferencias': {'pref_3': np.int64(46), 'pref_2': 0, 'pref_1': 0, 'pref_0': np.int64(1)}, 'violacoes_capacidade_total_excesso': 0, 'professores_com_violacao': 0, 'conflitos_totais': 0}]","[{'escore_total': 138, 'distribuicao_preferencias': {'pref_3': np.int64(46), 'pref_2': 0, 'pref_1': 0, 'pref_0': np.int64(1)}, 'violacoes_capacidade_total_excesso': 0, 'professores_com_violacao': 0, 'conflitos_totais': 0}]","[{'escore_total': 126, 'distribuicao_preferencias': {'pref_3': np.int64(38), 'pref_2': np.int64(5), 'pref_1': np.int64(2), 'pref_0': np.int64(2)}, 'violacoes_capacidade_total_excesso': 0, 'professores_com_violacao': 0, 'conflitos_totais': 0}]"
885.0,0.078125,"{'proporcao_perturbacao': 0.10642291441295623, 'n_interessados_por_turma': np.float64(2.5220876751706793)}","{'n_mudancas_horarios': 9, 'n_conflitos': np.float64(155.0)}",2,11.515625,63.203125,28.15625,150,350,4,343,"[{'escore_total': 139, 'distribuicao_preferencias': {'pref_3': np.int64(45), 'pref_2': np.int64(2), 'pref_1': 0, 'pref_0': 0}, 'violacoes_capacidade_total_excesso': 0, 'professores_com_violacao': 0, 'conflitos_totais': 0}]","[{'escore_total': 138, 'distribuicao_preferencias': {'pref_3': np.int64(44), 'pref_2': np.int64(3), 'pref_1': 0, 'pref_0': 0}, 'violacoes_capacidade_total_excesso': 0, 'professores_com_violacao': 0, 'conflitos_totais': 0}]","[{'escore_total': 133, 'distribuicao_preferencias': {'pref_3': np.int64(40), 'pref_2': np.int64(6), 'pref_1': np.int64(1), 'pref_0': 0}, 'violacoes_capacidade_total_excesso': 0, 'professores_com_violacao': 0, 'conflitos_totais': 0}]"
886.0,0.0625,"{'proporcao_perturbacao': 0.09363585208952305, 'n_interessados_por_turma': np.float64(2.9835824649658638)}","{'n_mudancas_horarios': 9, 'n_conflitos': np.float64(168.0)}",2,12.03125,32.96875,27.09375,150,350,13,264,"[{'escore_total': 138, 'distribuicao_preferencias': {'pref_3': np.int64(45), 'pref_2': np.int64(1), 'pref_1': np.int64(1), 'pref_0': 0}, 'violacoes_capacidade_total_excesso': 0, 'professores_com_violacao': 0, 'conflitos_totais': 0}]","[{'escore_total': 138, 'distribuicao_preferencias': {'pref_3': np.int64(45), 'pref_2': np.int64(1), 'pref_1': np.int64(1), 'pref_0': 0}, 'violacoes_capacidade_total_excesso': 0, 'professores_com_violacao': 0, 'conflitos_totais': 0}]","[{'escore_total': 135, 'distribuicao_preferencias': {'pref_3': np.int64(43), 'pref_2': np.int64(2), 'pref_1': np.int64(2), 'pref_0': 0}, 'violacoes_capacidade_total_excesso': 0, 'professores_com_violacao': 0, 'conflitos_totais': 0}]"
887.0,0.078125,"{'proporcao_perturbacao': 0, 'n_interessados_por_turma': np.float64(2.102164502164502)}","{'n_mudancas_horarios': 9, 'n_conflitos': np.float64(142.0)}",3,8.296875,25.71875,4.15625,150,350,6,111,"[{'escore_total': 135, 'distribuicao_preferencias': {'pref_3': np.int64(42), 'pref_2': np.int64(4), 'pref_1': np.int64(1), 'pref_0': 0}, 'violacoes_capacidade_total_excesso': 0, 'professores_com_violacao': 0, 'conflitos_totais': 0}]","[{'escore_total': 135, 'distribuicao_preferencias': {'pref_3': np.int64(42), 'pref_2': np.int64(4), 'pref_1': np.int64(1), 'pref_0': 0}, 'violacoes_capacidade_total_excesso': 0, 'professores_com_violacao': 0, 'conflitos_totais': 0}]","[{'escore_total': 135, 'distribuicao_preferencias': {'pref_3': np.int64(42), 'pref_2': np.int64(4), 'pref_1': np.int64(1), 'pref_0': 0}, 'violacoes_capacidade_total_excesso': 0, 'professores_com_violacao': 0, 'conflitos_totais': 0}]"
888.0,0.078125,"{'proporcao_perturbacao': 0.08414192136370399, 'n_interessados_por_turma': np.float64(2.4312734785875283)}","{'n_mudancas_horarios': 9, 'n_conflitos': np.float64(165.0)}",2,11.765625,28.234375,39.296875,150,350,6,39,"[{'escore_total': 137, 'distribuicao_preferencias': {'pref_3': np.int64(44), 'pref_2': np.int64(2), 'pref_1': np.int64(1), 'pref_0': 0}, 'violacoes_capacidade_total_excesso': 0, 'professores_com_violacao': 0, 'conflitos_totais': 0}]","[{'escore_total': 136, 'distribuicao_preferencias': {'pref_3': np.int64(43), 'pref_2': np.int64(3), 'pref_1': np.int64(1), 'pref_0': 0}, 'violacoes_capacidade_total_excesso': 0, 'professores_com_violacao': 0, 'conflitos_totais': 0}]","[{'escore_total': 137, 'distribuicao_preferencias': {'pref_3': np.int64(44), 'pref_2': np.int64(2), 'pref_1': np.int64(1), 'pref_0': 0}, 'violacoes_capacidade_total_excesso': 0, 'professores_com_violacao': 0, 'conflitos_totais': 0}]"
889.0,0.078125,"{'proporcao_perturbacao': 0.21871407426527567, 'n_interessados_por_turma': np.float64(2.9946280991735534)}","{'n_mudancas_horarios': 10, 'n_conflitos': np.float64(137.0)}",2,10.046875,59.578125,18.109375,150,350,2,145,"[{'escore_total': 140, 'distribuicao_preferencias': {'pref_3': np.int64(46), 'pref_2': np.int64(1), 'pref_1': 0, 'pref_0': 0}, 'violacoes_capacidade_total_excesso': 0, 'professores_com_violacao': 0, 'conflitos_totais': 0}]","[{'escore_total': 140, 'distribuicao_preferencias': {'pref_3': np.int64(46), 'pref_2': np.int64(1), 'pref_1': 0, 'pref_0': 0}, 'violacoes_capacidade_total_excesso': 0, 'professores_com_violacao': 0, 'conflitos_totais': 0}]","[{'escore_total': 139, 'distribuicao_preferencias': {'pref_3': np.int64(45), 'pref_2': np.int64(2), 'pref_1': 0, 'pref_0': 0}, 'violacoes_capacidade_total_excesso': 0, 'professores_com_violacao': 0, 'conflitos_totais': 0}]"
890.0,0.078125,"{'proporcao_perturbacao': 0.014270891810676742, 'n_interessados_por_turma': np.float64(2.207650531286895)}","{'n_mudancas_horarios': 9, 'n_conflitos': np.float64(158.0)}",2,8.109375,21.796875,26.0625,150,350,4,242,"[{'escore_total': 134, 'distribuicao_preferencias': {'pref_3': np.int64(42), 'pref_2': np.int64(3), 'pref_1': np.int64(2), 'pref_0': 0}, 'violacoes_capacidade_total_excesso': 0, 'professores_com_violacao': 0, 'conflitos_totais': 0}]","[{'escore_total': 132, 'distribuicao_preferencias': {'pref_3': np.int64(40), 'pref_2': np.int64(6), 'pref_1': 0, 'pref_0': np.int64(1)}, 'violacoes_capacidade_total_excesso': 0, 'professores_com_violacao': 0, 'conflitos_totais': 0}]","[{'escore_total': 133, 'distribuicao_preferencias': {'pref_3': np.int64(41), 'pref_2': np.int64(5), 'pref_1': 0, 'pref_0': np.int64(1)}, 'violacoes_capacidade_total_excesso': 0, 'professores_com_violacao': 0, 'conflitos_totais': 0}]"
891.0,0.09375,"{'proporcao_perturbacao': 0, 'n_interessados_por_turma': np.float64(2.102164502164502)}","{'n_mudancas_horarios': 8, 'n_conflitos': np.float64(176.0)}",1,12.21875,66.46875,21.4375,150,350,3,96,"[{'escore_total': 132, 'distribuicao_preferencias': {'pref_3': np.int64(40), 'pref_2': np.int64(5), 'pref_1': np.int64(2), 'pref_0': 0}, 'violacoes_capacidade_total_excesso': 0, 'professores_com_violacao': 0, 'conflitos_totais': 0}]","[{'escore_total': 132, 'distribuicao_preferencias': {'pref_3': np.int64(41), 'pref_2': np.int64(4), 'pref_1': np.int64(1), 'pref_0': np.int64(1)}, 'violacoes_capacidade_total_excesso': 0, 'professores_com_violacao': 0, 'conflitos_totais': 0}]","[{'escore_total': 133, 'distribuicao_preferencias': {'pref_3': np.int64(42), 'pref_2': np.int64(3), 'pref_1': np.int64(1), 'pref_0': np.int64(1)}, 'violacoes_capacidade_total_excesso': 0, 'professores_com_violacao': 0, 'conflitos_totais': 0}]"
892.0,0.078125,"{'proporcao_perturbacao': 0.09899289325145931, 'n_interessados_por_turma': np.float64(2.3157334710743798)}","{'n_mudancas_horarios': 9, 'n_conflitos': np.float64(155.0)}",1,8.9375,27.84375,13.484375,150,350,48,245,"[{'escore_total': 140, 'distribuicao_preferencias': {'pref_3': np.int64(46), 'pref_2': np.int64(1), 'pref_1': 0, 'pref_0': 0}, 'violacoes_capacidade_total_excesso': 0, 'professores_com_violacao': 0, 'conflitos_totais': 0}]","[{'escore_total': 140, 'distribuicao_preferencias': {'pref_3': np.int64(46), 'pref_2': np.int64(1), 'pref_1': 0, 'pref_0': 0}, 'violacoes_capacidade_total_excesso': 0, 'professores_com_violacao': 0, 'conflitos_totais': 0}]","[{'escore_total': 139, 'distribuicao_preferencias': {'pref_3': np.int64(45), 'pref_2': np.int64(2), 'pref_1': 0, 'pref_0': 0}, 'violacoes_capacidade_total_excesso': 0, 'professores_com_violacao': 0, 'conflitos_totais': 0}]"
893.0,0.046875,"{'proporcao_perturbacao': 0, 'n_interessados_por_turma': np.float64(2.102164502164502)}","{'n_mudancas_horarios': 8, 'n_conflitos': np.float64(140.0)}",2,7.765625,39.890625,7.0625,150,350,16,244,"[{'escore_total': 134, 'distribuicao_preferencias': {'pref_3': np.int64(42), 'pref_2': np.int64(3), 'pref_1': np.int64(2), 'pref_0': 0}, 'violacoes_capacidade_total_excesso': 0, 'professores_com_violacao': 0, 'conflitos_totais': 0}]","[{'escore_total': 134, 'distribuicao_preferencias': {'pref_3': np.int64(42), 'pref_2': np.int64(3), 'pref_1': np.int64(2), 'pref_0': 0}, 'violacoes_capacidade_total_excesso': 0, 'professores_com_violacao': 0, 'conflitos_totais': 0}]","[{'escore_total': 132, 'distribuicao_preferencias': {'pref_3': np.int64(40), 'pref_2': np.int64(5), 'pref_1': np.int64(2), 'pref_0': 0}, 'violacoes_capacidade_total_excesso': 0, 'professores_com_violacao': 0, 'conflitos_totais': 0}]"
894.0,0.09375,"{'proporcao_perturbacao': 0.1620720658371359, 'n_interessados_por_turma': np.float64(2.8654509522098457)}","{'n_mudancas_horarios': 10, 'n_conflitos': np.float64(135.0)}",2,9.96875,13.953125,17.96875,150,350,4,197,"[{'escore_total': 136, 'distribuicao_preferencias': {'pref_3': np.int64(45), 'pref_2': 0, 'pref_1': np.int64(1), 'pref_0': np.int64(1)}, 'violacoes_capacidade_total_excesso': 0, 'professores_com_violacao': 0, 'conflitos_totais': 0}]","[{'escore_total': 136, 'distribuicao_preferencias': {'pref_3': np.int64(45), 'pref_2': 0, 'pref_1': np.int64(1), 'pref_0': np.int64(1)}, 'violacoes_capacidade_total_excesso': 0, 'professores_com_violacao': 0, 'conflitos_totais': 0}]","[{'escore_total': 130, 'distribuicao_preferencias': {'pref_3': np.int64(42), 'pref_2': 0, 'pref_1': np.int64(4), 'pref_0': np.int64(1)}, 'violacoes_capacidade_total_excesso': 0, 'professores_com_violacao': 0, 'conflitos_totais': 0}]"
895.0,0.09375,"{'proporcao_perturbacao': 0.16591743042786905, 'n_interessados_por_turma': np.float64(2.855583902263744)}","{'n_mudancas_horarios': 10, 'n_conflitos': np.float64(149.0)}",3,10.375,12.96875,41.5,150,350,4,169,"[{'escore_total': 139, 'distribuicao_preferencias': {'pref_3': np.int64(45), 'pref_2': np.int64(2), 'pref_1': 0, 'pref_0': 0}, 'violacoes_capacidade_total_excesso': 0, 'professores_com_violacao': 0, 'conflitos_totais': 0}]","[{'escore_total': 139, 'distribuicao_preferencias': {'pref_3': np.int64(45), 'pref_2': np.int64(2), 'pref_1': 0, 'pref_0': 0}, 'violacoes_capacidade_total_excesso': 0, 'professores_com_violacao': 0, 'conflitos_totais': 0}]","[{'escore_total': 139, 'distribuicao_preferencias': {'pref_3': np.int64(45), 'pref_2': np.int64(2), 'pref_1': 0, 'pref_0': 0}, 'violacoes_capacidade_total_excesso': 0, 'professores_com_violacao': 0, 'conflitos_totais': 0}]"
896.0,0.0625,"{'proporcao_perturbacao': 0.28978511141122815, 'n_interessados_por_turma': np.float64(4.219378512396694)}","{'n_mudancas_horarios': 10, 'n_conflitos': np.float64(152.0)}",4,8.375,30.109375,13.1875,150,350,1,227,"[{'escore_total': 141, 'distribuicao_preferencias': {'pref_3': np.int64(47), 'pref_2': 0, 'pref_1': 0, 'pref_0': 0}, 'violacoes_capacidade_total_excesso': 0, 'professores_com_violacao': 0, 'conflitos_totais': 0}]","[{'escore_total': 141, 'distribuicao_preferencias': {'pref_3': np.int64(47), 'pref_2': 0, 'pref_1': 0, 'pref_0': 0}, 'violacoes_capacidade_total_excesso': 0, 'professores_com_violacao': 0, 'conflitos_totais': 0}]","[{'escore_total': 141, 'distribuicao_preferencias': {'pref_3': np.int64(47), 'pref_2': 0, 'pref_1': 0, 'pref_0': 0}, 'violacoes_capacidade_total_excesso': 0, 'professores_com_violacao': 0, 'conflitos_totais': 0}]"
897.0,0.078125,"{'proporcao_perturbacao': 0.16087243127054726, 'n_interessados_por_turma': np.float64(2.9979087315846207)}","{'n_mudancas_horarios': 10, 'n_conflitos': np.float64(148.0)}",3,11.078125,48.21875,9.109375,150,350,3,41,"[{'escore_total': 137, 'distribuicao_preferencias': {'pref_3': np.int64(43), 'pref_2': np.int64(4), 'pref_1': 0, 'pref_0': 0}, 'violacoes_capacidade_total_excesso': 0, 'professores_com_violacao': 0, 'conflitos_totais': 0}]","[{'escore_total': 137, 'distribuicao_preferencias': {'pref_3': np.int64(43), 'pref_2': np.int64(4), 'pref_1': 0, 'pref_0': 0}, 'violacoes_capacidade_total_excesso': 0, 'professores_com_violacao': 0, 'conflitos_totais': 0}]","[{'escore_total': 136, 'distribuicao_preferencias': {'pref_3': np.int64(43), 'pref_2': np.int64(3), 'pref_1': np.int64(1), 'pref_0': 0}, 'violacoes_capacidade_total_excesso': 0, 'professores_com_violacao': 0, 'conflitos_totais': 0}]"
898.0,0.078125,"{'proporcao_perturbacao': 0.15146298911759323, 'n_interessados_por_turma': np.float64(2.3964760330578514)}","{'n_mudancas_horarios': 10, 'n_conflitos': np.float64(167.0)}",5,9.46875,19.609375,16.140625,150,350,7,51,"[{'escore_total': 141, 'distribuicao_preferencias': {'pref_3': np.int64(47), 'pref_2': 0, 'pref_1': 0, 'pref_0': 0}, 'violacoes_capacidade_total_excesso': 0, 'professores_com_violacao': 0, 'conflitos_totais': 0}]","[{'escore_total': 138, 'distribuicao_preferencias': {'pref_3': np.int64(44), 'pref_2': np.int64(3), 'pref_1': 0, 'pref_0': 0}, 'violacoes_capacidade_total_excesso': 0, 'professores_com_violacao': 0, 'conflitos_totais': 0}]","[{'escore_total': 141, 'distribuicao_preferencias': {'pref_3': np.int64(47), 'pref_2': 0, 'pref_1': 0, 'pref_0': 0}, 'violacoes_capacidade_total_excesso': 0, 'professores_com_violacao': 0, 'conflitos_totais': 0}]"
899.0,0.046875,"{'proporcao_perturbacao': 0.029727814638837835, 'n_interessados_por_turma': np.float64(2.166701401365433)}","{'n_mudancas_horarios': 9, 'n_conflitos': np.float64(157.0)}",3,5.859375,11.0625,17.453125,150,350,9,157,"[{'escore_total': 139, 'distribuicao_preferencias': {'pref_3': np.int64(45), 'pref_2': np.int64(2), 'pref_1': 0, 'pref_0': 0}, 'violacoes_capacidade_total_excesso': 0, 'professores_com_violacao': 0, 'conflitos_totais': 0}]","[{'escore_total': 138, 'distribuicao_preferencias': {'pref_3': np.int64(44), 'pref_2': np.int64(3), 'pref_1': 0, 'pref_0': 0}, 'violacoes_capacidade_total_excesso': 0, 'professores_com_violacao': 0, 'conflitos_totais': 0}]","[{'escore_total': 134, 'distribuicao_preferencias': {'pref_3': np.int64(41), 'pref_2': np.int64(5), 'pref_1': np.int64(1), 'pref_0': 0}, 'violacoes_capacidade_total_excesso': 0, 'professores_com_violacao': 0, 'conflitos_totais': 0}]"
900.0,0.09375,"{'proporcao_perturbacao': 0, 'n_interessados_por_turma': np.float64(2.102164502164502)}","{'n_mudancas_horarios': 9, 'n_conflitos': np.float64(142.0)}",1,9.625,36.0625,19.234375,150,350,4,96,"[{'escore_total': 133, 'distribuicao_preferencias': {'pref_3': np.int64(41), 'pref_2': np.int64(4), 'pref_1': np.int64(2), 'pref_0': 0}, 'violacoes_capacidade_total_excesso': 0, 'professores_com_violacao': 0, 'conflitos_totais': 0}]","[{'escore_total': 132, 'distribuicao_preferencias': {'pref_3': np.int64(41), 'pref_2': np.int64(4), 'pref_1': np.int64(1), 'pref_0': np.int64(1)}, 'violacoes_capacidade_total_excesso': 0, 'professores_com_violacao': 0, 'conflitos_totais': 0}]","[{'escore_total': 134, 'distribuicao_preferencias': {'pref_3': np.int64(42), 'pref_2': np.int64(4), 'pref_1': 0, 'pref_0': np.int64(1)}, 'violacoes_capacidade_total_excesso': 0, 'professores_com_violacao': 0, 'conflitos_totais': 0}]"
