simulacao,tempo_perturbacao,n_mudancas_preferencias,n_mudancas_horarios,folga_total,tempo_pli,tempo_aco,tempo_ag,geracoes_aco,geracoes_ag,resultado_pli,resultado_aco,resultado_ag
401.0,0.05567145347595215,263,9,5,18.888630390167236,88.14408540725708,47.75229215621948,11,120,"[{'escore_total': 132, 'distribuicao_preferencias': {'pref_3': np.int64(42), 'pref_2': np.int64(2), 'pref_1': np.int64(2), 'pref_0': np.int64(1)}, 'violacoes_capacidade_total_excesso': 0, 'professores_com_violacao': 0, 'conflitos_totais': 0}]","[{'escore_total': 130, 'distribuicao_preferencias': {'pref_3': np.int64(39), 'pref_2': np.int64(6), 'pref_1': np.int64(1), 'pref_0': np.int64(1)}, 'violacoes_capacidade_total_excesso': 0, 'professores_com_violacao': 0, 'conflitos_totais': 0}]","[{'escore_total': 129, 'distribuicao_preferencias': {'pref_3': np.int64(40), 'pref_2': np.int64(3), 'pref_1': np.int64(3), 'pref_0': np.int64(1)}, 'violacoes_capacidade_total_excesso': 0, 'professores_com_violacao': 0, 'conflitos_totais': 0}]"
402.0,0.07493710517883301,263,9,5,20.90505623817444,81.99188375473022,55.03017234802246,19,120,"[{'escore_total': 132, 'distribuicao_preferencias': {'pref_3': np.int64(42), 'pref_2': np.int64(2), 'pref_1': np.int64(2), 'pref_0': np.int64(1)}, 'violacoes_capacidade_total_excesso': 0, 'professores_com_violacao': 0, 'conflitos_totais': 0}]","[{'escore_total': 122, 'distribuicao_preferencias': {'pref_3': np.int64(37), 'pref_2': np.int64(3), 'pref_1': np.int64(5), 'pref_0': np.int64(2)}, 'violacoes_capacidade_total_excesso': 0, 'professores_com_violacao': 0, 'conflitos_totais': 0}]","[{'escore_total': 126, 'distribuicao_preferencias': {'pref_3': np.int64(39), 'pref_2': np.int64(2), 'pref_1': np.int64(5), 'pref_0': np.int64(1)}, 'violacoes_capacidade_total_excesso': 0, 'professores_com_violacao': 0, 'conflitos_totais': 0}]"
403.0,0.06646847724914551,263,9,5,20.110552310943604,82.74167370796204,7.680726051330566,9,106,"[{'escore_total': 132, 'distribuicao_preferencias': {'pref_3': np.int64(42), 'pref_2': np.int64(2), 'pref_1': np.int64(2), 'pref_0': np.int64(1)}, 'violacoes_capacidade_total_excesso': 0, 'professores_com_violacao': 0, 'conflitos_totais': 0}]","[{'escore_total': 129, 'distribuicao_preferencias': {'pref_3': np.int64(40), 'pref_2': np.int64(3), 'pref_1': np.int64(3), 'pref_0': np.int64(1)}, 'violacoes_capacidade_total_excesso': 0, 'professores_com_violacao': 0, 'conflitos_totais': 0}]","[{'escore_total': 131, 'distribuicao_preferencias': {'pref_3': np.int64(41), 'pref_2': np.int64(3), 'pref_1': np.int64(2), 'pref_0': np.int64(1)}, 'violacoes_capacidade_total_excesso': 0, 'professores_com_violacao': 0, 'conflitos_totais': 0}]"
404.0,0.05391740798950195,263,9,0,18.411995887756348,81.9597556591034,25.999730348587036,10,120,"[{'escore_total': 132, 'distribuicao_preferencias': {'pref_3': np.int64(42), 'pref_2': np.int64(2), 'pref_1': np.int64(2), 'pref_0': np.int64(1)}, 'violacoes_capacidade_total_excesso': 0, 'professores_com_violacao': 0, 'conflitos_totais': 0}]","[{'escore_total': 129, 'distribuicao_preferencias': {'pref_3': np.int64(41), 'pref_2': np.int64(1), 'pref_1': np.int64(4), 'pref_0': np.int64(1)}, 'violacoes_capacidade_total_excesso': 0, 'professores_com_violacao': 0, 'conflitos_totais': 0}]","[{'escore_total': 128, 'distribuicao_preferencias': {'pref_3': np.int64(39), 'pref_2': np.int64(4), 'pref_1': np.int64(3), 'pref_0': np.int64(1)}, 'violacoes_capacidade_total_excesso': 0, 'professores_com_violacao': 0, 'conflitos_totais': 0}]"
405.0,0.04938864707946777,263,9,0,18.370848655700684,83.5507824420929,26.380895853042603,12,45,"[{'escore_total': 132, 'distribuicao_preferencias': {'pref_3': np.int64(42), 'pref_2': np.int64(2), 'pref_1': np.int64(2), 'pref_0': np.int64(1)}, 'violacoes_capacidade_total_excesso': 0, 'professores_com_violacao': 0, 'conflitos_totais': 0}]","[{'escore_total': 118, 'distribuicao_preferencias': {'pref_3': np.int64(33), 'pref_2': np.int64(7), 'pref_1': np.int64(5), 'pref_0': np.int64(2)}, 'violacoes_capacidade_total_excesso': 0, 'professores_com_violacao': 0, 'conflitos_totais': 0}]","[{'escore_total': 131, 'distribuicao_preferencias': {'pref_3': np.int64(41), 'pref_2': np.int64(3), 'pref_1': np.int64(2), 'pref_0': np.int64(1)}, 'violacoes_capacidade_total_excesso': 0, 'professores_com_violacao': 0, 'conflitos_totais': 0}]"
406.0,0.11310791969299316,263,9,5,19.56188726425171,82.84946346282959,75.01523017883301,27,120,"[{'escore_total': 132, 'distribuicao_preferencias': {'pref_3': np.int64(42), 'pref_2': np.int64(2), 'pref_1': np.int64(2), 'pref_0': np.int64(1)}, 'violacoes_capacidade_total_excesso': 0, 'professores_com_violacao': 0, 'conflitos_totais': 0}]","[{'escore_total': 127, 'distribuicao_preferencias': {'pref_3': np.int64(38), 'pref_2': np.int64(5), 'pref_1': np.int64(3), 'pref_0': np.int64(1)}, 'violacoes_capacidade_total_excesso': 0, 'professores_com_violacao': 0, 'conflitos_totais': 0}]","[{'escore_total': 125, 'distribuicao_preferencias': {'pref_3': np.int64(38), 'pref_2': np.int64(3), 'pref_1': np.int64(5), 'pref_0': np.int64(1)}, 'violacoes_capacidade_total_excesso': 0, 'professores_com_violacao': 0, 'conflitos_totais': 0}]"
407.0,0.03844904899597168,263,9,1,18.761228322982788,81.07831835746765,50.067030906677246,20,120,"[{'escore_total': 132, 'distribuicao_preferencias': {'pref_3': np.int64(42), 'pref_2': np.int64(2), 'pref_1': np.int64(2), 'pref_0': np.int64(1)}, 'violacoes_capacidade_total_excesso': 0, 'professores_com_violacao': 0, 'conflitos_totais': 0}]","[{'escore_total': 115, 'distribuicao_preferencias': {'pref_3': np.int64(35), 'pref_2': np.int64(2), 'pref_1': np.int64(6), 'pref_0': np.int64(4)}, 'violacoes_capacidade_total_excesso': 0, 'professores_com_violacao': 0, 'conflitos_totais': 0}]","[{'escore_total': 130, 'distribuicao_preferencias': {'pref_3': np.int64(40), 'pref_2': np.int64(4), 'pref_1': np.int64(2), 'pref_0': np.int64(1)}, 'violacoes_capacidade_total_excesso': 0, 'professores_com_violacao': 0, 'conflitos_totais': 0}]"
408.0,0.05913400650024414,263,9,2,20.277778387069702,81.38726449012756,31.012787580490112,31,120,"[{'escore_total': 132, 'distribuicao_preferencias': {'pref_3': np.int64(42), 'pref_2': np.int64(2), 'pref_1': np.int64(2), 'pref_0': np.int64(1)}, 'violacoes_capacidade_total_excesso': 0, 'professores_com_violacao': 0, 'conflitos_totais': 0}]","[{'escore_total': 128, 'distribuicao_preferencias': {'pref_3': np.int64(39), 'pref_2': np.int64(4), 'pref_1': np.int64(3), 'pref_0': np.int64(1)}, 'violacoes_capacidade_total_excesso': 0, 'professores_com_violacao': 0, 'conflitos_totais': 0}]","[{'escore_total': 129, 'distribuicao_preferencias': {'pref_3': np.int64(39), 'pref_2': np.int64(5), 'pref_1': np.int64(2), 'pref_0': np.int64(1)}, 'violacoes_capacidade_total_excesso': 0, 'professores_com_violacao': 0, 'conflitos_totais': 0}]"
409.0,0.06354975700378418,263,9,3,19.09837055206299,80.38925337791443,35.757428884506226,9,120,"[{'escore_total': 132, 'distribuicao_preferencias': {'pref_3': np.int64(42), 'pref_2': np.int64(2), 'pref_1': np.int64(2), 'pref_0': np.int64(1)}, 'violacoes_capacidade_total_excesso': 0, 'professores_com_violacao': 0, 'conflitos_totais': 0}]","[{'escore_total': 130, 'distribuicao_preferencias': {'pref_3': np.int64(39), 'pref_2': np.int64(6), 'pref_1': np.int64(1), 'pref_0': np.int64(1)}, 'violacoes_capacidade_total_excesso': 0, 'professores_com_violacao': 0, 'conflitos_totais': 0}]","[{'escore_total': 126, 'distribuicao_preferencias': {'pref_3': np.int64(37), 'pref_2': np.int64(6), 'pref_1': np.int64(3), 'pref_0': np.int64(1)}, 'violacoes_capacidade_total_excesso': 0, 'professores_com_violacao': 0, 'conflitos_totais': 0}]"
410.0,0.062404632568359375,263,9,5,18.372682571411133,83.65486812591553,28.36641025543213,26,120,"[{'escore_total': 132, 'distribuicao_preferencias': {'pref_3': np.int64(42), 'pref_2': np.int64(2), 'pref_1': np.int64(2), 'pref_0': np.int64(1)}, 'violacoes_capacidade_total_excesso': 0, 'professores_com_violacao': 0, 'conflitos_totais': 0}]","[{'escore_total': 126, 'distribuicao_preferencias': {'pref_3': np.int64(38), 'pref_2': np.int64(4), 'pref_1': np.int64(4), 'pref_0': np.int64(1)}, 'violacoes_capacidade_total_excesso': 0, 'professores_com_violacao': 0, 'conflitos_totais': 0}]","[{'escore_total': 125, 'distribuicao_preferencias': {'pref_3': np.int64(37), 'pref_2': np.int64(5), 'pref_1': np.int64(4), 'pref_0': np.int64(1)}, 'violacoes_capacidade_total_excesso': 0, 'professores_com_violacao': 0, 'conflitos_totais': 0}]"
411.0,0.06417512893676758,263,9,3,18.59706401824951,86.16623783111572,17.27412509918213,8,89,"[{'escore_total': 132, 'distribuicao_preferencias': {'pref_3': np.int64(42), 'pref_2': np.int64(2), 'pref_1': np.int64(2), 'pref_0': np.int64(1)}, 'violacoes_capacidade_total_excesso': 0, 'professores_com_violacao': 0, 'conflitos_totais': 0}]","[{'escore_total': 130, 'distribuicao_preferencias': {'pref_3': np.int64(41), 'pref_2': np.int64(2), 'pref_1': np.int64(3), 'pref_0': np.int64(1)}, 'violacoes_capacidade_total_excesso': 0, 'professores_com_violacao': 0, 'conflitos_totais': 0}]","[{'escore_total': 131, 'distribuicao_preferencias': {'pref_3': np.int64(41), 'pref_2': np.int64(3), 'pref_1': np.int64(2), 'pref_0': np.int64(1)}, 'violacoes_capacidade_total_excesso': 0, 'professores_com_violacao': 0, 'conflitos_totais': 0}]"
412.0,0.05684208869934082,263,9,0,19.979592323303223,80.82772302627563,16.487836837768555,12,120,"[{'escore_total': 132, 'distribuicao_preferencias': {'pref_3': np.int64(42), 'pref_2': np.int64(2), 'pref_1': np.int64(2), 'pref_0': np.int64(1)}, 'violacoes_capacidade_total_excesso': 0, 'professores_com_violacao': 0, 'conflitos_totais': 0}]","[{'escore_total': 127, 'distribuicao_preferencias': {'pref_3': np.int64(38), 'pref_2': np.int64(5), 'pref_1': np.int64(3), 'pref_0': np.int64(1)}, 'violacoes_capacidade_total_excesso': 0, 'professores_com_violacao': 0, 'conflitos_totais': 0}]","[{'escore_total': 125, 'distribuicao_preferencias': {'pref_3': np.int64(38), 'pref_2': np.int64(3), 'pref_1': np.int64(5), 'pref_0': np.int64(1)}, 'violacoes_capacidade_total_excesso': 0, 'professores_com_violacao': 0, 'conflitos_totais': 0}]"
413.0,0.054472923278808594,263,9,5,18.831368923187256,91.84435272216797,39.56176733970642,7,120,"[{'escore_total': 132, 'distribuicao_preferencias': {'pref_3': np.int64(42), 'pref_2': np.int64(2), 'pref_1': np.int64(2), 'pref_0': np.int64(1)}, 'violacoes_capacidade_total_excesso': 0, 'professores_com_violacao': 0, 'conflitos_totais': 0}]","[{'escore_total': 95, 'distribuicao_preferencias': {'pref_3': np.int64(27), 'pref_2': np.int64(4), 'pref_1': np.int64(6), 'pref_0': np.int64(10)}, 'violacoes_capacidade_total_excesso': 0, 'professores_com_violacao': 0, 'conflitos_totais': 0}]","[{'escore_total': 123, 'distribuicao_preferencias': {'pref_3': np.int64(36), 'pref_2': np.int64(5), 'pref_1': np.int64(5), 'pref_0': np.int64(1)}, 'violacoes_capacidade_total_excesso': 0, 'professores_com_violacao': 0, 'conflitos_totais': 0}]"
414.0,0.07105064392089844,263,9,3,20.412394762039185,80.74871778488159,10.097240686416626,13,120,"[{'escore_total': 132, 'distribuicao_preferencias': {'pref_3': np.int64(42), 'pref_2': np.int64(2), 'pref_1': np.int64(2), 'pref_0': np.int64(1)}, 'violacoes_capacidade_total_excesso': 0, 'professores_com_violacao': 0, 'conflitos_totais': 0}]","[{'escore_total': 128, 'distribuicao_preferencias': {'pref_3': np.int64(39), 'pref_2': np.int64(4), 'pref_1': np.int64(3), 'pref_0': np.int64(1)}, 'violacoes_capacidade_total_excesso': 0, 'professores_com_violacao': 0, 'conflitos_totais': 0}]","[{'escore_total': 121, 'distribuicao_preferencias': {'pref_3': np.int64(35), 'pref_2': np.int64(5), 'pref_1': np.int64(6), 'pref_0': np.int64(1)}, 'violacoes_capacidade_total_excesso': 0, 'professores_com_violacao': 0, 'conflitos_totais': 0}]"
415.0,0.07216858863830566,263,9,3,19.93984627723694,84.64066195487976,38.1404869556427,10,120,"[{'escore_total': 132, 'distribuicao_preferencias': {'pref_3': np.int64(42), 'pref_2': np.int64(2), 'pref_1': np.int64(2), 'pref_0': np.int64(1)}, 'violacoes_capacidade_total_excesso': 0, 'professores_com_violacao': 0, 'conflitos_totais': 0}]","[{'escore_total': 124, 'distribuicao_preferencias': {'pref_3': np.int64(37), 'pref_2': np.int64(5), 'pref_1': np.int64(3), 'pref_0': np.int64(2)}, 'violacoes_capacidade_total_excesso': 0, 'professores_com_violacao': 0, 'conflitos_totais': 0}]","[{'escore_total': 129, 'distribuicao_preferencias': {'pref_3': np.int64(40), 'pref_2': np.int64(3), 'pref_1': np.int64(3), 'pref_0': np.int64(1)}, 'violacoes_capacidade_total_excesso': 0, 'professores_com_violacao': 0, 'conflitos_totais': 0}]"
416.0,0.056632041931152344,263,9,5,18.864101886749268,27.539697885513306,7.331377744674683,9,120,"[{'escore_total': 132, 'distribuicao_preferencias': {'pref_3': np.int64(42), 'pref_2': np.int64(2), 'pref_1': np.int64(2), 'pref_0': np.int64(1)}, 'violacoes_capacidade_total_excesso': 0, 'professores_com_violacao': 0, 'conflitos_totais': 0}]","[{'escore_total': 131, 'distribuicao_preferencias': {'pref_3': np.int64(41), 'pref_2': np.int64(3), 'pref_1': np.int64(2), 'pref_0': np.int64(1)}, 'violacoes_capacidade_total_excesso': 0, 'professores_com_violacao': 0, 'conflitos_totais': 0}]","[{'escore_total': 120, 'distribuicao_preferencias': {'pref_3': np.int64(34), 'pref_2': np.int64(6), 'pref_1': np.int64(6), 'pref_0': np.int64(1)}, 'violacoes_capacidade_total_excesso': 0, 'professores_com_violacao': 0, 'conflitos_totais': 0}]"
417.0,0.11493849754333496,263,9,5,19.5382399559021,87.68810749053955,12.719021558761597,12,120,"[{'escore_total': 132, 'distribuicao_preferencias': {'pref_3': np.int64(42), 'pref_2': np.int64(2), 'pref_1': np.int64(2), 'pref_0': np.int64(1)}, 'violacoes_capacidade_total_excesso': 0, 'professores_com_violacao': 0, 'conflitos_totais': 0}]","[{'escore_total': 127, 'distribuicao_preferencias': {'pref_3': np.int64(38), 'pref_2': np.int64(5), 'pref_1': np.int64(3), 'pref_0': np.int64(1)}, 'violacoes_capacidade_total_excesso': 0, 'professores_com_violacao': 0, 'conflitos_totais': 0}]","[{'escore_total': 129, 'distribuicao_preferencias': {'pref_3': np.int64(40), 'pref_2': np.int64(3), 'pref_1': np.int64(3), 'pref_0': np.int64(1)}, 'violacoes_capacidade_total_excesso': 0, 'professores_com_violacao': 0, 'conflitos_totais': 0}]"
418.0,0.08185029029846191,263,9,2,20.829697370529175,91.04256868362427,33.33746528625488,7,120,"[{'escore_total': 132, 'distribuicao_preferencias': {'pref_3': np.int64(42), 'pref_2': np.int64(2), 'pref_1': np.int64(2), 'pref_0': np.int64(1)}, 'violacoes_capacidade_total_excesso': 0, 'professores_com_violacao': 0, 'conflitos_totais': 0}]","[{'escore_total': 128, 'distribuicao_preferencias': {'pref_3': np.int64(38), 'pref_2': np.int64(6), 'pref_1': np.int64(2), 'pref_0': np.int64(1)}, 'violacoes_capacidade_total_excesso': 0, 'professores_com_violacao': 0, 'conflitos_totais': 0}]","[{'escore_total': 126, 'distribuicao_preferencias': {'pref_3': np.int64(37), 'pref_2': np.int64(6), 'pref_1': np.int64(3), 'pref_0': np.int64(1)}, 'violacoes_capacidade_total_excesso': 0, 'professores_com_violacao': 0, 'conflitos_totais': 0}]"
419.0,0.04472184181213379,263,9,4,18.00085425376892,92.22804856300354,17.588250160217285,8,49,"[{'escore_total': 132, 'distribuicao_preferencias': {'pref_3': np.int64(42), 'pref_2': np.int64(2), 'pref_1': np.int64(2), 'pref_0': np.int64(1)}, 'violacoes_capacidade_total_excesso': 0, 'professores_com_violacao': 0, 'conflitos_totais': 0}]","[{'escore_total': 130, 'distribuicao_preferencias': {'pref_3': np.int64(41), 'pref_2': np.int64(2), 'pref_1': np.int64(3), 'pref_0': np.int64(1)}, 'violacoes_capacidade_total_excesso': 0, 'professores_com_violacao': 0, 'conflitos_totais': 0}]","[{'escore_total': 131, 'distribuicao_preferencias': {'pref_3': np.int64(41), 'pref_2': np.int64(3), 'pref_1': np.int64(2), 'pref_0': np.int64(1)}, 'violacoes_capacidade_total_excesso': 0, 'professores_com_violacao': 0, 'conflitos_totais': 0}]"
420.0,0.0638875961303711,263,9,0,22.36741828918457,84.96680402755737,24.495256423950195,10,120,"[{'escore_total': 132, 'distribuicao_preferencias': {'pref_3': np.int64(42), 'pref_2': np.int64(2), 'pref_1': np.int64(2), 'pref_0': np.int64(1)}, 'violacoes_capacidade_total_excesso': 0, 'professores_com_violacao': 0, 'conflitos_totais': 0}]","[{'escore_total': 129, 'distribuicao_preferencias': {'pref_3': np.int64(40), 'pref_2': np.int64(3), 'pref_1': np.int64(3), 'pref_0': np.int64(1)}, 'violacoes_capacidade_total_excesso': 0, 'professores_com_violacao': 0, 'conflitos_totais': 0}]","[{'escore_total': 123, 'distribuicao_preferencias': {'pref_3': np.int64(35), 'pref_2': np.int64(7), 'pref_1': np.int64(4), 'pref_0': np.int64(1)}, 'violacoes_capacidade_total_excesso': 0, 'professores_com_violacao': 0, 'conflitos_totais': 0}]"
421.0,0.06181049346923828,263,9,4,19.83618140220642,52.00813126564026,16.00026297569275,6,120,"[{'escore_total': 132, 'distribuicao_preferencias': {'pref_3': np.int64(42), 'pref_2': np.int64(2), 'pref_1': np.int64(2), 'pref_0': np.int64(1)}, 'violacoes_capacidade_total_excesso': 0, 'professores_com_violacao': 0, 'conflitos_totais': 0}]","[{'escore_total': 131, 'distribuicao_preferencias': {'pref_3': np.int64(40), 'pref_2': np.int64(5), 'pref_1': np.int64(1), 'pref_0': np.int64(1)}, 'violacoes_capacidade_total_excesso': 0, 'professores_com_violacao': 0, 'conflitos_totais': 0}]","[{'escore_total': 123, 'distribuicao_preferencias': {'pref_3': np.int64(36), 'pref_2': np.int64(5), 'pref_1': np.int64(5), 'pref_0': np.int64(1)}, 'violacoes_capacidade_total_excesso': 0, 'professores_com_violacao': 0, 'conflitos_totais': 0}]"
422.0,0.043967247009277344,263,9,3,18.351755380630493,48.60303068161011,42.48710751533508,8,120,"[{'escore_total': 132, 'distribuicao_preferencias': {'pref_3': np.int64(42), 'pref_2': np.int64(2), 'pref_1': np.int64(2), 'pref_0': np.int64(1)}, 'violacoes_capacidade_total_excesso': 0, 'professores_com_violacao': 0, 'conflitos_totais': 0}]","[{'escore_total': 131, 'distribuicao_preferencias': {'pref_3': np.int64(40), 'pref_2': np.int64(5), 'pref_1': np.int64(1), 'pref_0': np.int64(1)}, 'violacoes_capacidade_total_excesso': 0, 'professores_com_violacao': 0, 'conflitos_totais': 0}]","[{'escore_total': 130, 'distribuicao_preferencias': {'pref_3': np.int64(39), 'pref_2': np.int64(6), 'pref_1': np.int64(1), 'pref_0': np.int64(1)}, 'violacoes_capacidade_total_excesso': 0, 'professores_com_violacao': 0, 'conflitos_totais': 0}]"
423.0,0.06326031684875488,263,9,5,18.03925895690918,85.77736139297485,22.01315212249756,10,120,"[{'escore_total': 132, 'distribuicao_preferencias': {'pref_3': np.int64(42), 'pref_2': np.int64(2), 'pref_1': np.int64(2), 'pref_0': np.int64(1)}, 'violacoes_capacidade_total_excesso': 0, 'professores_com_violacao': 0, 'conflitos_totais': 0}]","[{'escore_total': 123, 'distribuicao_preferencias': {'pref_3': np.int64(36), 'pref_2': np.int64(5), 'pref_1': np.int64(5), 'pref_0': np.int64(1)}, 'violacoes_capacidade_total_excesso': 0, 'professores_com_violacao': 0, 'conflitos_totais': 0}]","[{'escore_total': 128, 'distribuicao_preferencias': {'pref_3': np.int64(38), 'pref_2': np.int64(6), 'pref_1': np.int64(2), 'pref_0': np.int64(1)}, 'violacoes_capacidade_total_excesso': 0, 'professores_com_violacao': 0, 'conflitos_totais': 0}]"
424.0,0.06713199615478516,263,9,3,19.498422145843506,83.9436149597168,29.10393500328064,12,120,"[{'escore_total': 132, 'distribuicao_preferencias': {'pref_3': np.int64(42), 'pref_2': np.int64(2), 'pref_1': np.int64(2), 'pref_0': np.int64(1)}, 'violacoes_capacidade_total_excesso': 0, 'professores_com_violacao': 0, 'conflitos_totais': 0}]","[{'escore_total': 117, 'distribuicao_preferencias': {'pref_3': np.int64(32), 'pref_2': np.int64(8), 'pref_1': np.int64(5), 'pref_0': np.int64(2)}, 'violacoes_capacidade_total_excesso': 0, 'professores_com_violacao': 0, 'conflitos_totais': 0}]","[{'escore_total': 130, 'distribuicao_preferencias': {'pref_3': np.int64(40), 'pref_2': np.int64(4), 'pref_1': np.int64(2), 'pref_0': np.int64(1)}, 'violacoes_capacidade_total_excesso': 0, 'professores_com_violacao': 0, 'conflitos_totais': 0}]"
425.0,0.04467630386352539,263,9,4,18.473893880844116,82.93860721588135,58.74530863761902,33,120,"[{'escore_total': 132, 'distribuicao_preferencias': {'pref_3': np.int64(42), 'pref_2': np.int64(2), 'pref_1': np.int64(2), 'pref_0': np.int64(1)}, 'violacoes_capacidade_total_excesso': 0, 'professores_com_violacao': 0, 'conflitos_totais': 0}]","[{'escore_total': 130, 'distribuicao_preferencias': {'pref_3': np.int64(40), 'pref_2': np.int64(4), 'pref_1': np.int64(2), 'pref_0': np.int64(1)}, 'violacoes_capacidade_total_excesso': 0, 'professores_com_violacao': 0, 'conflitos_totais': 0}]","[{'escore_total': 128, 'distribuicao_preferencias': {'pref_3': np.int64(38), 'pref_2': np.int64(6), 'pref_1': np.int64(2), 'pref_0': np.int64(1)}, 'violacoes_capacidade_total_excesso': 0, 'professores_com_violacao': 0, 'conflitos_totais': 0}]"
426.0,0.07229137420654297,263,9,5,20.84398889541626,87.53891229629517,37.95441174507141,6,120,"[{'escore_total': 132, 'distribuicao_preferencias': {'pref_3': np.int64(42), 'pref_2': np.int64(2), 'pref_1': np.int64(2), 'pref_0': np.int64(1)}, 'violacoes_capacidade_total_excesso': 0, 'professores_com_violacao': 0, 'conflitos_totais': 0}]","[{'escore_total': 128, 'distribuicao_preferencias': {'pref_3': np.int64(39), 'pref_2': np.int64(4), 'pref_1': np.int64(3), 'pref_0': np.int64(1)}, 'violacoes_capacidade_total_excesso': 0, 'professores_com_violacao': 0, 'conflitos_totais': 0}]","[{'escore_total': 130, 'distribuicao_preferencias': {'pref_3': np.int64(40), 'pref_2': np.int64(4), 'pref_1': np.int64(2), 'pref_0': np.int64(1)}, 'violacoes_capacidade_total_excesso': 0, 'professores_com_violacao': 0, 'conflitos_totais': 0}]"
427.0,0.06866264343261719,263,9,3,19.77937889099121,85.09275937080383,24.568480014801025,10,45,"[{'escore_total': 132, 'distribuicao_preferencias': {'pref_3': np.int64(42), 'pref_2': np.int64(2), 'pref_1': np.int64(2), 'pref_0': np.int64(1)}, 'violacoes_capacidade_total_excesso': 0, 'professores_com_violacao': 0, 'conflitos_totais': 0}]","[{'escore_total': 130, 'distribuicao_preferencias': {'pref_3': np.int64(40), 'pref_2': np.int64(4), 'pref_1': np.int64(2), 'pref_0': np.int64(1)}, 'violacoes_capacidade_total_excesso': 0, 'professores_com_violacao': 0, 'conflitos_totais': 0}]","[{'escore_total': 131, 'distribuicao_preferencias': {'pref_3': np.int64(41), 'pref_2': np.int64(3), 'pref_1': np.int64(2), 'pref_0': np.int64(1)}, 'violacoes_capacidade_total_excesso': 0, 'professores_com_violacao': 0, 'conflitos_totais': 0}]"
428.0,0.04080319404602051,263,9,4,18.37083411216736,81.93851041793823,56.87442398071289,25,120,"[{'escore_total': 132, 'distribuicao_preferencias': {'pref_3': np.int64(42), 'pref_2': np.int64(2), 'pref_1': np.int64(2), 'pref_0': np.int64(1)}, 'violacoes_capacidade_total_excesso': 0, 'professores_com_violacao': 0, 'conflitos_totais': 0}]","[{'escore_total': 122, 'distribuicao_preferencias': {'pref_3': np.int64(35), 'pref_2': np.int64(6), 'pref_1': np.int64(5), 'pref_0': np.int64(1)}, 'violacoes_capacidade_total_excesso': 0, 'professores_com_violacao': 0, 'conflitos_totais': 0}]","[{'escore_total': 129, 'distribuicao_preferencias': {'pref_3': np.int64(39), 'pref_2': np.int64(5), 'pref_1': np.int64(2), 'pref_0': np.int64(1)}, 'violacoes_capacidade_total_excesso': 0, 'professores_com_violacao': 0, 'conflitos_totais': 0}]"
429.0,0.07595324516296387,263,9,3,20.636178016662598,90.34378361701965,13.393179416656494,7,120,"[{'escore_total': 132, 'distribuicao_preferencias': {'pref_3': np.int64(42), 'pref_2': np.int64(2), 'pref_1': np.int64(2), 'pref_0': np.int64(1)}, 'violacoes_capacidade_total_excesso': 0, 'professores_com_violacao': 0, 'conflitos_totais': 0}]","[{'escore_total': 107, 'distribuicao_preferencias': {'pref_3': np.int64(31), 'pref_2': np.int64(4), 'pref_1': np.int64(6), 'pref_0': np.int64(6)}, 'violacoes_capacidade_total_excesso': 0, 'professores_com_violacao': 0, 'conflitos_totais': 0}]","[{'escore_total': 131, 'distribuicao_preferencias': {'pref_3': np.int64(40), 'pref_2': np.int64(5), 'pref_1': np.int64(1), 'pref_0': np.int64(1)}, 'violacoes_capacidade_total_excesso': 0, 'professores_com_violacao': 0, 'conflitos_totais': 0}]"
430.0,0.061418771743774414,263,9,2,18.952261924743652,86.33429312705994,24.200767040252686,8,120,"[{'escore_total': 132, 'distribuicao_preferencias': {'pref_3': np.int64(42), 'pref_2': np.int64(2), 'pref_1': np.int64(2), 'pref_0': np.int64(1)}, 'violacoes_capacidade_total_excesso': 0, 'professores_com_violacao': 0, 'conflitos_totais': 0}]","[{'escore_total': 127, 'distribuicao_preferencias': {'pref_3': np.int64(39), 'pref_2': np.int64(3), 'pref_1': np.int64(4), 'pref_0': np.int64(1)}, 'violacoes_capacidade_total_excesso': 0, 'professores_com_violacao': 0, 'conflitos_totais': 0}]","[{'escore_total': 129, 'distribuicao_preferencias': {'pref_3': np.int64(39), 'pref_2': np.int64(5), 'pref_1': np.int64(2), 'pref_0': np.int64(1)}, 'violacoes_capacidade_total_excesso': 0, 'professores_com_violacao': 0, 'conflitos_totais': 0}]"
431.0,0.06300997734069824,263,9,3,19.844796895980835,81.93723034858704,48.338990211486816,7,120,"[{'escore_total': 132, 'distribuicao_preferencias': {'pref_3': np.int64(42), 'pref_2': np.int64(2), 'pref_1': np.int64(2), 'pref_0': np.int64(1)}, 'violacoes_capacidade_total_excesso': 0, 'professores_com_violacao': 0, 'conflitos_totais': 0}]","[{'escore_total': 104, 'distribuicao_preferencias': {'pref_3': np.int64(29), 'pref_2': np.int64(4), 'pref_1': np.int64(9), 'pref_0': np.int64(5)}, 'violacoes_capacidade_total_excesso': 0, 'professores_com_violacao': 0, 'conflitos_totais': 0}]","[{'escore_total': 123, 'distribuicao_preferencias': {'pref_3': np.int64(36), 'pref_2': np.int64(5), 'pref_1': np.int64(5), 'pref_0': np.int64(1)}, 'violacoes_capacidade_total_excesso': 0, 'professores_com_violacao': 0, 'conflitos_totais': 0}]"
432.0,0.08193135261535645,263,9,1,19.877508878707886,84.19010496139526,56.44989228248596,11,120,"[{'escore_total': 132, 'distribuicao_preferencias': {'pref_3': np.int64(42), 'pref_2': np.int64(2), 'pref_1': np.int64(2), 'pref_0': np.int64(1)}, 'violacoes_capacidade_total_excesso': 0, 'professores_com_violacao': 0, 'conflitos_totais': 0}]","[{'escore_total': 87, 'distribuicao_preferencias': {'pref_3': np.int64(24), 'pref_2': np.int64(3), 'pref_1': np.int64(9), 'pref_0': np.int64(11)}, 'violacoes_capacidade_total_excesso': 0, 'professores_com_violacao': 0, 'conflitos_totais': 0}]","[{'escore_total': 128, 'distribuicao_preferencias': {'pref_3': np.int64(39), 'pref_2': np.int64(4), 'pref_1': np.int64(3), 'pref_0': np.int64(1)}, 'violacoes_capacidade_total_excesso': 0, 'professores_com_violacao': 0, 'conflitos_totais': 0}]"
433.0,0.08010411262512207,263,9,1,21.634888172149658,85.86547613143921,26.723900079727173,8,120,"[{'escore_total': 132, 'distribuicao_preferencias': {'pref_3': np.int64(42), 'pref_2': np.int64(2), 'pref_1': np.int64(2), 'pref_0': np.int64(1)}, 'violacoes_capacidade_total_excesso': 0, 'professores_com_violacao': 0, 'conflitos_totais': 0}]","[{'escore_total': 119, 'distribuicao_preferencias': {'pref_3': np.int64(34), 'pref_2': np.int64(7), 'pref_1': np.int64(3), 'pref_0': np.int64(3)}, 'violacoes_capacidade_total_excesso': 0, 'professores_com_violacao': 0, 'conflitos_totais': 0}]","[{'escore_total': 130, 'distribuicao_preferencias': {'pref_3': np.int64(39), 'pref_2': np.int64(6), 'pref_1': np.int64(1), 'pref_0': np.int64(1)}, 'violacoes_capacidade_total_excesso': 0, 'professores_com_violacao': 0, 'conflitos_totais': 0}]"
434.0,0.06654596328735352,263,9,5,19.36144471168518,56.651612281799316,18.516324281692505,6,120,"[{'escore_total': 132, 'distribuicao_preferencias': {'pref_3': np.int64(42), 'pref_2': np.int64(2), 'pref_1': np.int64(2), 'pref_0': np.int64(1)}, 'violacoes_capacidade_total_excesso': 0, 'professores_com_violacao': 0, 'conflitos_totais': 0}]","[{'escore_total': 131, 'distribuicao_preferencias': {'pref_3': np.int64(41), 'pref_2': np.int64(3), 'pref_1': np.int64(2), 'pref_0': np.int64(1)}, 'violacoes_capacidade_total_excesso': 0, 'professores_com_violacao': 0, 'conflitos_totais': 0}]","[{'escore_total': 130, 'distribuicao_preferencias': {'pref_3': np.int64(40), 'pref_2': np.int64(4), 'pref_1': np.int64(2), 'pref_0': np.int64(1)}, 'violacoes_capacidade_total_excesso': 0, 'professores_com_violacao': 0, 'conflitos_totais': 0}]"
435.0,0.12848639488220215,263,9,0,20.249932527542114,47.70252227783203,6.509789943695068,4,120,"[{'escore_total': 132, 'distribuicao_preferencias': {'pref_3': np.int64(42), 'pref_2': np.int64(2), 'pref_1': np.int64(2), 'pref_0': np.int64(1)}, 'violacoes_capacidade_total_excesso': 0, 'professores_com_violacao': 0, 'conflitos_totais': 0}]","[{'escore_total': 131, 'distribuicao_preferencias': {'pref_3': np.int64(42), 'pref_2': np.int64(1), 'pref_1': np.int64(3), 'pref_0': np.int64(1)}, 'violacoes_capacidade_total_excesso': 0, 'professores_com_violacao': 0, 'conflitos_totais': 0}]","[{'escore_total': 129, 'distribuicao_preferencias': {'pref_3': np.int64(39), 'pref_2': np.int64(5), 'pref_1': np.int64(2), 'pref_0': np.int64(1)}, 'violacoes_capacidade_total_excesso': 0, 'professores_com_violacao': 0, 'conflitos_totais': 0}]"
436.0,0.06746983528137207,263,9,3,25.01892113685608,81.30182909965515,33.50877547264099,9,120,"[{'escore_total': 132, 'distribuicao_preferencias': {'pref_3': np.int64(42), 'pref_2': np.int64(2), 'pref_1': np.int64(2), 'pref_0': np.int64(1)}, 'violacoes_capacidade_total_excesso': 0, 'professores_com_violacao': 0, 'conflitos_totais': 0}]","[{'escore_total': 113, 'distribuicao_preferencias': {'pref_3': np.int64(33), 'pref_2': np.int64(5), 'pref_1': np.int64(4), 'pref_0': np.int64(5)}, 'violacoes_capacidade_total_excesso': 0, 'professores_com_violacao': 0, 'conflitos_totais': 0}]","[{'escore_total': 127, 'distribuicao_preferencias': {'pref_3': np.int64(38), 'pref_2': np.int64(5), 'pref_1': np.int64(3), 'pref_0': np.int64(1)}, 'violacoes_capacidade_total_excesso': 0, 'professores_com_violacao': 0, 'conflitos_totais': 0}]"
437.0,0.06424260139465332,263,9,5,19.83718991279602,80.7720594406128,64.29324173927307,12,120,"[{'escore_total': 132, 'distribuicao_preferencias': {'pref_3': np.int64(42), 'pref_2': np.int64(2), 'pref_1': np.int64(2), 'pref_0': np.int64(1)}, 'violacoes_capacidade_total_excesso': 0, 'professores_com_violacao': 0, 'conflitos_totais': 0}]","[{'escore_total': 127, 'distribuicao_preferencias': {'pref_3': np.int64(38), 'pref_2': np.int64(5), 'pref_1': np.int64(3), 'pref_0': np.int64(1)}, 'violacoes_capacidade_total_excesso': 0, 'professores_com_violacao': 0, 'conflitos_totais': 0}]","[{'escore_total': 130, 'distribuicao_preferencias': {'pref_3': np.int64(39), 'pref_2': np.int64(6), 'pref_1': np.int64(1), 'pref_0': np.int64(1)}, 'violacoes_capacidade_total_excesso': 0, 'professores_com_violacao': 0, 'conflitos_totais': 0}]"
438.0,0.07852673530578613,263,9,2,21.1729633808136,83.27497363090515,52.57926082611084,8,120,"[{'escore_total': 132, 'distribuicao_preferencias': {'pref_3': np.int64(42), 'pref_2': np.int64(2), 'pref_1': np.int64(2), 'pref_0': np.int64(1)}, 'violacoes_capacidade_total_excesso': 0, 'professores_com_violacao': 0, 'conflitos_totais': 0}]","[{'escore_total': 128, 'distribuicao_preferencias': {'pref_3': np.int64(38), 'pref_2': np.int64(6), 'pref_1': np.int64(2), 'pref_0': np.int64(1)}, 'violacoes_capacidade_total_excesso': 0, 'professores_com_violacao': 0, 'conflitos_totais': 0}]","[{'escore_total': 125, 'distribuicao_preferencias': {'pref_3': np.int64(37), 'pref_2': np.int64(5), 'pref_1': np.int64(4), 'pref_0': np.int64(1)}, 'violacoes_capacidade_total_excesso': 0, 'professores_com_violacao': 0, 'conflitos_totais': 0}]"
439.0,0.050466299057006836,263,9,1,17.234172105789185,85.76310324668884,8.121615648269653,13,120,"[{'escore_total': 132, 'distribuicao_preferencias': {'pref_3': np.int64(42), 'pref_2': np.int64(2), 'pref_1': np.int64(2), 'pref_0': np.int64(1)}, 'violacoes_capacidade_total_excesso': 0, 'professores_com_violacao': 0, 'conflitos_totais': 0}]","[{'escore_total': 129, 'distribuicao_preferencias': {'pref_3': np.int64(40), 'pref_2': np.int64(3), 'pref_1': np.int64(3), 'pref_0': np.int64(1)}, 'violacoes_capacidade_total_excesso': 0, 'professores_com_violacao': 0, 'conflitos_totais': 0}]","[{'escore_total': 129, 'distribuicao_preferencias': {'pref_3': np.int64(40), 'pref_2': np.int64(3), 'pref_1': np.int64(3), 'pref_0': np.int64(1)}, 'violacoes_capacidade_total_excesso': 0, 'professores_com_violacao': 0, 'conflitos_totais': 0}]"
440.0,0.07738995552062988,263,9,4,19.743239879608154,81.25999760627747,44.16028547286987,18,120,"[{'escore_total': 132, 'distribuicao_preferencias': {'pref_3': np.int64(42), 'pref_2': np.int64(2), 'pref_1': np.int64(2), 'pref_0': np.int64(1)}, 'violacoes_capacidade_total_excesso': 0, 'professores_com_violacao': 0, 'conflitos_totais': 0}]","[{'escore_total': 129, 'distribuicao_preferencias': {'pref_3': np.int64(40), 'pref_2': np.int64(3), 'pref_1': np.int64(3), 'pref_0': np.int64(1)}, 'violacoes_capacidade_total_excesso': 0, 'professores_com_violacao': 0, 'conflitos_totais': 0}]","[{'escore_total': 126, 'distribuicao_preferencias': {'pref_3': np.int64(38), 'pref_2': np.int64(4), 'pref_1': np.int64(4), 'pref_0': np.int64(1)}, 'violacoes_capacidade_total_excesso': 0, 'professores_com_violacao': 0, 'conflitos_totais': 0}]"
441.0,0.08169865608215332,263,9,1,24.404897928237915,88.11234736442566,43.52196931838989,7,120,"[{'escore_total': 132, 'distribuicao_preferencias': {'pref_3': np.int64(42), 'pref_2': np.int64(2), 'pref_1': np.int64(2), 'pref_0': np.int64(1)}, 'violacoes_capacidade_total_excesso': 0, 'professores_com_violacao': 0, 'conflitos_totais': 0}]","[{'escore_total': 126, 'distribuicao_preferencias': {'pref_3': np.int64(38), 'pref_2': np.int64(4), 'pref_1': np.int64(4), 'pref_0': np.int64(1)}, 'violacoes_capacidade_total_excesso': 0, 'professores_com_violacao': 0, 'conflitos_totais': 0}]","[{'escore_total': 130, 'distribuicao_preferencias': {'pref_3': np.int64(41), 'pref_2': np.int64(2), 'pref_1': np.int64(3), 'pref_0': np.int64(1)}, 'violacoes_capacidade_total_excesso': 0, 'professores_com_violacao': 0, 'conflitos_totais': 0}]"
442.0,0.04753518104553223,263,9,4,19.183449268341064,80.0387966632843,41.73960018157959,9,120,"[{'escore_total': 132, 'distribuicao_preferencias': {'pref_3': np.int64(42), 'pref_2': np.int64(2), 'pref_1': np.int64(2), 'pref_0': np.int64(1)}, 'violacoes_capacidade_total_excesso': 0, 'professores_com_violacao': 0, 'conflitos_totais': 0}]","[{'escore_total': 130, 'distribuicao_preferencias': {'pref_3': np.int64(40), 'pref_2': np.int64(4), 'pref_1': np.int64(2), 'pref_0': np.int64(1)}, 'violacoes_capacidade_total_excesso': 0, 'professores_com_violacao': 0, 'conflitos_totais': 0}]","[{'escore_total': 128, 'distribuicao_preferencias': {'pref_3': np.int64(38), 'pref_2': np.int64(6), 'pref_1': np.int64(2), 'pref_0': np.int64(1)}, 'violacoes_capacidade_total_excesso': 0, 'professores_com_violacao': 0, 'conflitos_totais': 0}]"
443.0,0.05989885330200195,263,9,5,19.16659665107727,94.16711187362671,63.38949275016785,7,120,"[{'escore_total': 132, 'distribuicao_preferencias': {'pref_3': np.int64(42), 'pref_2': np.int64(2), 'pref_1': np.int64(2), 'pref_0': np.int64(1)}, 'violacoes_capacidade_total_excesso': 0, 'professores_com_violacao': 0, 'conflitos_totais': 0}]","[{'escore_total': 119, 'distribuicao_preferencias': {'pref_3': np.int64(36), 'pref_2': np.int64(4), 'pref_1': np.int64(3), 'pref_0': np.int64(4)}, 'violacoes_capacidade_total_excesso': 0, 'professores_com_violacao': 0, 'conflitos_totais': 0}]","[{'escore_total': 125, 'distribuicao_preferencias': {'pref_3': np.int64(37), 'pref_2': np.int64(5), 'pref_1': np.int64(4), 'pref_0': np.int64(1)}, 'violacoes_capacidade_total_excesso': 0, 'professores_com_violacao': 0, 'conflitos_totais': 0}]"
444.0,0.06751656532287598,263,9,5,23.5560462474823,82.9670021533966,29.794726848602295,6,120,"[{'escore_total': 132, 'distribuicao_preferencias': {'pref_3': np.int64(42), 'pref_2': np.int64(2), 'pref_1': np.int64(2), 'pref_0': np.int64(1)}, 'violacoes_capacidade_total_excesso': 0, 'professores_com_violacao': 0, 'conflitos_totais': 0}]","[{'escore_total': 129, 'distribuicao_preferencias': {'pref_3': np.int64(40), 'pref_2': np.int64(3), 'pref_1': np.int64(3), 'pref_0': np.int64(1)}, 'violacoes_capacidade_total_excesso': 0, 'professores_com_violacao': 0, 'conflitos_totais': 0}]","[{'escore_total': 123, 'distribuicao_preferencias': {'pref_3': np.int64(36), 'pref_2': np.int64(5), 'pref_1': np.int64(5), 'pref_0': np.int64(1)}, 'violacoes_capacidade_total_excesso': 0, 'professores_com_violacao': 0, 'conflitos_totais': 0}]"
445.0,0.05648541450500488,263,9,4,17.456972122192383,86.30630946159363,18.339308261871338,11,120,"[{'escore_total': 132, 'distribuicao_preferencias': {'pref_3': np.int64(42), 'pref_2': np.int64(2), 'pref_1': np.int64(2), 'pref_0': np.int64(1)}, 'violacoes_capacidade_total_excesso': 0, 'professores_com_violacao': 0, 'conflitos_totais': 0}]","[{'escore_total': 130, 'distribuicao_preferencias': {'pref_3': np.int64(40), 'pref_2': np.int64(4), 'pref_1': np.int64(2), 'pref_0': np.int64(1)}, 'violacoes_capacidade_total_excesso': 0, 'professores_com_violacao': 0, 'conflitos_totais': 0}]","[{'escore_total': 127, 'distribuicao_preferencias': {'pref_3': np.int64(38), 'pref_2': np.int64(5), 'pref_1': np.int64(3), 'pref_0': np.int64(1)}, 'violacoes_capacidade_total_excesso': 0, 'professores_com_violacao': 0, 'conflitos_totais': 0}]"
446.0,0.07157039642333984,263,9,5,19.178523540496826,84.89456748962402,24.16693878173828,20,120,"[{'escore_total': 132, 'distribuicao_preferencias': {'pref_3': np.int64(42), 'pref_2': np.int64(2), 'pref_1': np.int64(2), 'pref_0': np.int64(1)}, 'violacoes_capacidade_total_excesso': 0, 'professores_com_violacao': 0, 'conflitos_totais': 0}]","[{'escore_total': 95, 'distribuicao_preferencias': {'pref_3': np.int64(23), 'pref_2': np.int64(8), 'pref_1': np.int64(10), 'pref_0': np.int64(6)}, 'violacoes_capacidade_total_excesso': 0, 'professores_com_violacao': 0, 'conflitos_totais': 0}]","[{'escore_total': 129, 'distribuicao_preferencias': {'pref_3': np.int64(40), 'pref_2': np.int64(3), 'pref_1': np.int64(3), 'pref_0': np.int64(1)}, 'violacoes_capacidade_total_excesso': 0, 'professores_com_violacao': 0, 'conflitos_totais': 0}]"
447.0,0.06621956825256348,263,9,5,19.213836431503296,80.76790356636047,8.214229583740234,16,120,"[{'escore_total': 132, 'distribuicao_preferencias': {'pref_3': np.int64(42), 'pref_2': np.int64(2), 'pref_1': np.int64(2), 'pref_0': np.int64(1)}, 'violacoes_capacidade_total_excesso': 0, 'professores_com_violacao': 0, 'conflitos_totais': 0}]","[{'escore_total': 97, 'distribuicao_preferencias': {'pref_3': np.int64(25), 'pref_2': np.int64(6), 'pref_1': np.int64(10), 'pref_0': np.int64(6)}, 'violacoes_capacidade_total_excesso': 0, 'professores_com_violacao': 0, 'conflitos_totais': 0}]","[{'escore_total': 129, 'distribuicao_preferencias': {'pref_3': np.int64(40), 'pref_2': np.int64(3), 'pref_1': np.int64(3), 'pref_0': np.int64(1)}, 'violacoes_capacidade_total_excesso': 0, 'professores_com_violacao': 0, 'conflitos_totais': 0}]"
448.0,0.05539202690124512,263,9,4,21.74531388282776,85.38631963729858,29.748412370681763,11,120,"[{'escore_total': 132, 'distribuicao_preferencias': {'pref_3': np.int64(42), 'pref_2': np.int64(2), 'pref_1': np.int64(2), 'pref_0': np.int64(1)}, 'violacoes_capacidade_total_excesso': 0, 'professores_com_violacao': 0, 'conflitos_totais': 0}]","[{'escore_total': 124, 'distribuicao_preferencias': {'pref_3': np.int64(37), 'pref_2': np.int64(4), 'pref_1': np.int64(5), 'pref_0': np.int64(1)}, 'violacoes_capacidade_total_excesso': 0, 'professores_com_violacao': 0, 'conflitos_totais': 0}]","[{'escore_total': 126, 'distribuicao_preferencias': {'pref_3': np.int64(37), 'pref_2': np.int64(6), 'pref_1': np.int64(3), 'pref_0': np.int64(1)}, 'violacoes_capacidade_total_excesso': 0, 'professores_com_violacao': 0, 'conflitos_totais': 0}]"
449.0,0.06901979446411133,263,9,0,19.69787311553955,90.11232614517212,46.741334199905396,8,120,"[{'escore_total': 132, 'distribuicao_preferencias': {'pref_3': np.int64(42), 'pref_2': np.int64(2), 'pref_1': np.int64(2), 'pref_0': np.int64(1)}, 'violacoes_capacidade_total_excesso': 0, 'professores_com_violacao': 0, 'conflitos_totais': 0}]","[{'escore_total': 122, 'distribuicao_preferencias': {'pref_3': np.int64(36), 'pref_2': np.int64(4), 'pref_1': np.int64(6), 'pref_0': np.int64(1)}, 'violacoes_capacidade_total_excesso': 0, 'professores_com_violacao': 0, 'conflitos_totais': 0}]","[{'escore_total': 128, 'distribuicao_preferencias': {'pref_3': np.int64(39), 'pref_2': np.int64(4), 'pref_1': np.int64(3), 'pref_0': np.int64(1)}, 'violacoes_capacidade_total_excesso': 0, 'professores_com_violacao': 0, 'conflitos_totais': 0}]"
450.0,0.06300663948059082,263,9,2,21.945353984832764,80.08301830291748,47.72276449203491,50,120,"[{'escore_total': 132, 'distribuicao_preferencias': {'pref_3': np.int64(42), 'pref_2': np.int64(2), 'pref_1': np.int64(2), 'pref_0': np.int64(1)}, 'violacoes_capacidade_total_excesso': 0, 'professores_com_violacao': 0, 'conflitos_totais': 0}]","[{'escore_total': 127, 'distribuicao_preferencias': {'pref_3': np.int64(38), 'pref_2': np.int64(5), 'pref_1': np.int64(3), 'pref_0': np.int64(1)}, 'violacoes_capacidade_total_excesso': 0, 'professores_com_violacao': 0, 'conflitos_totais': 0}]","[{'escore_total': 122, 'distribuicao_preferencias': {'pref_3': np.int64(35), 'pref_2': np.int64(6), 'pref_1': np.int64(5), 'pref_0': np.int64(1)}, 'violacoes_capacidade_total_excesso': 0, 'professores_com_violacao': 0, 'conflitos_totais': 0}]"
451.0,0.04746890068054199,263,9,0,17.832381010055542,82.19230675697327,16.51145076751709,12,120,"[{'escore_total': 132, 'distribuicao_preferencias': {'pref_3': np.int64(42), 'pref_2': np.int64(2), 'pref_1': np.int64(2), 'pref_0': np.int64(1)}, 'violacoes_capacidade_total_excesso': 0, 'professores_com_violacao': 0, 'conflitos_totais': 0}]","[{'escore_total': 129, 'distribuicao_preferencias': {'pref_3': np.int64(40), 'pref_2': np.int64(3), 'pref_1': np.int64(3), 'pref_0': np.int64(1)}, 'violacoes_capacidade_total_excesso': 0, 'professores_com_violacao': 0, 'conflitos_totais': 0}]","[{'escore_total': 120, 'distribuicao_preferencias': {'pref_3': np.int64(34), 'pref_2': np.int64(6), 'pref_1': np.int64(6), 'pref_0': np.int64(1)}, 'violacoes_capacidade_total_excesso': 0, 'professores_com_violacao': 0, 'conflitos_totais': 0}]"
452.0,0.07158279418945312,263,9,3,20.169232845306396,84.60561060905457,50.84311318397522,20,120,"[{'escore_total': 132, 'distribuicao_preferencias': {'pref_3': np.int64(42), 'pref_2': np.int64(2), 'pref_1': np.int64(2), 'pref_0': np.int64(1)}, 'violacoes_capacidade_total_excesso': 0, 'professores_com_violacao': 0, 'conflitos_totais': 0}]","[{'escore_total': 130, 'distribuicao_preferencias': {'pref_3': np.int64(40), 'pref_2': np.int64(4), 'pref_1': np.int64(2), 'pref_0': np.int64(1)}, 'violacoes_capacidade_total_excesso': 0, 'professores_com_violacao': 0, 'conflitos_totais': 0}]","[{'escore_total': 124, 'distribuicao_preferencias': {'pref_3': np.int64(37), 'pref_2': np.int64(4), 'pref_1': np.int64(5), 'pref_0': np.int64(1)}, 'violacoes_capacidade_total_excesso': 0, 'professores_com_violacao': 0, 'conflitos_totais': 0}]"
453.0,0.06163763999938965,263,9,3,24.0381863117218,87.79272294044495,23.20686626434326,7,120,"[{'escore_total': 132, 'distribuicao_preferencias': {'pref_3': np.int64(42), 'pref_2': np.int64(2), 'pref_1': np.int64(2), 'pref_0': np.int64(1)}, 'violacoes_capacidade_total_excesso': 0, 'professores_com_violacao': 0, 'conflitos_totais': 0}]","[{'escore_total': 128, 'distribuicao_preferencias': {'pref_3': np.int64(39), 'pref_2': np.int64(4), 'pref_1': np.int64(3), 'pref_0': np.int64(1)}, 'violacoes_capacidade_total_excesso': 0, 'professores_com_violacao': 0, 'conflitos_totais': 0}]","[{'escore_total': 129, 'distribuicao_preferencias': {'pref_3': np.int64(39), 'pref_2': np.int64(5), 'pref_1': np.int64(2), 'pref_0': np.int64(1)}, 'violacoes_capacidade_total_excesso': 0, 'professores_com_violacao': 0, 'conflitos_totais': 0}]"
454.0,0.05742311477661133,263,9,3,17.1125648021698,82.81804394721985,38.62174725532532,8,120,"[{'escore_total': 132, 'distribuicao_preferencias': {'pref_3': np.int64(42), 'pref_2': np.int64(2), 'pref_1': np.int64(2), 'pref_0': np.int64(1)}, 'violacoes_capacidade_total_excesso': 0, 'professores_com_violacao': 0, 'conflitos_totais': 0}]","[{'escore_total': 128, 'distribuicao_preferencias': {'pref_3': np.int64(38), 'pref_2': np.int64(6), 'pref_1': np.int64(2), 'pref_0': np.int64(1)}, 'violacoes_capacidade_total_excesso': 0, 'professores_com_violacao': 0, 'conflitos_totais': 0}]","[{'escore_total': 122, 'distribuicao_preferencias': {'pref_3': np.int64(34), 'pref_2': np.int64(8), 'pref_1': np.int64(4), 'pref_0': np.int64(1)}, 'violacoes_capacidade_total_excesso': 0, 'professores_com_violacao': 0, 'conflitos_totais': 0}]"
455.0,0.06589269638061523,263,9,4,20.62040376663208,81.6127290725708,52.44096899032593,28,120,"[{'escore_total': 132, 'distribuicao_preferencias': {'pref_3': np.int64(42), 'pref_2': np.int64(2), 'pref_1': np.int64(2), 'pref_0': np.int64(1)}, 'violacoes_capacidade_total_excesso': 0, 'professores_com_violacao': 0, 'conflitos_totais': 0}]","[{'escore_total': 98, 'distribuicao_preferencias': {'pref_3': np.int64(26), 'pref_2': np.int64(6), 'pref_1': np.int64(8), 'pref_0': np.int64(7)}, 'violacoes_capacidade_total_excesso': 0, 'professores_com_violacao': 0, 'conflitos_totais': 0}]","[{'escore_total': 123, 'distribuicao_preferencias': {'pref_3': np.int64(36), 'pref_2': np.int64(5), 'pref_1': np.int64(5), 'pref_0': np.int64(1)}, 'violacoes_capacidade_total_excesso': 0, 'professores_com_violacao': 0, 'conflitos_totais': 0}]"
456.0,0.10177731513977051,263,9,1,24.8698832988739,82.16134285926819,9.627582550048828,20,49,"[{'escore_total': 132, 'distribuicao_preferencias': {'pref_3': np.int64(42), 'pref_2': np.int64(2), 'pref_1': np.int64(2), 'pref_0': np.int64(1)}, 'violacoes_capacidade_total_excesso': 0, 'professores_com_violacao': 0, 'conflitos_totais': 0}]","[{'escore_total': 130, 'distribuicao_preferencias': {'pref_3': np.int64(40), 'pref_2': np.int64(4), 'pref_1': np.int64(2), 'pref_0': np.int64(1)}, 'violacoes_capacidade_total_excesso': 0, 'professores_com_violacao': 0, 'conflitos_totais': 0}]","[{'escore_total': 131, 'distribuicao_preferencias': {'pref_3': np.int64(41), 'pref_2': np.int64(3), 'pref_1': np.int64(2), 'pref_0': np.int64(1)}, 'violacoes_capacidade_total_excesso': 0, 'professores_com_violacao': 0, 'conflitos_totais': 0}]"
457.0,0.042192935943603516,263,9,2,17.969017267227173,83.924485206604,12.02635407447815,11,120,"[{'escore_total': 132, 'distribuicao_preferencias': {'pref_3': np.int64(42), 'pref_2': np.int64(2), 'pref_1': np.int64(2), 'pref_0': np.int64(1)}, 'violacoes_capacidade_total_excesso': 0, 'professores_com_violacao': 0, 'conflitos_totais': 0}]","[{'escore_total': 131, 'distribuicao_preferencias': {'pref_3': np.int64(41), 'pref_2': np.int64(3), 'pref_1': np.int64(2), 'pref_0': np.int64(1)}, 'violacoes_capacidade_total_excesso': 0, 'professores_com_violacao': 0, 'conflitos_totais': 0}]","[{'escore_total': 125, 'distribuicao_preferencias': {'pref_3': np.int64(37), 'pref_2': np.int64(5), 'pref_1': np.int64(4), 'pref_0': np.int64(1)}, 'violacoes_capacidade_total_excesso': 0, 'professores_com_violacao': 0, 'conflitos_totais': 0}]"
458.0,0.07166075706481934,263,9,1,20.686458826065063,81.20402884483337,21.927744388580322,33,120,"[{'escore_total': 132, 'distribuicao_preferencias': {'pref_3': np.int64(42), 'pref_2': np.int64(2), 'pref_1': np.int64(2), 'pref_0': np.int64(1)}, 'violacoes_capacidade_total_excesso': 0, 'professores_com_violacao': 0, 'conflitos_totais': 0}]","[{'escore_total': 124, 'distribuicao_preferencias': {'pref_3': np.int64(36), 'pref_2': np.int64(6), 'pref_1': np.int64(4), 'pref_0': np.int64(1)}, 'violacoes_capacidade_total_excesso': 0, 'professores_com_violacao': 0, 'conflitos_totais': 0}]","[{'escore_total': 128, 'distribuicao_preferencias': {'pref_3': np.int64(39), 'pref_2': np.int64(4), 'pref_1': np.int64(3), 'pref_0': np.int64(1)}, 'violacoes_capacidade_total_excesso': 0, 'professores_com_violacao': 0, 'conflitos_totais': 0}]"
459.0,0.0884242057800293,263,9,3,17.927542209625244,84.76180124282837,9.246835708618164,12,120,"[{'escore_total': 132, 'distribuicao_preferencias': {'pref_3': np.int64(42), 'pref_2': np.int64(2), 'pref_1': np.int64(2), 'pref_0': np.int64(1)}, 'violacoes_capacidade_total_excesso': 0, 'professores_com_violacao': 0, 'conflitos_totais': 0}]","[{'escore_total': 88, 'distribuicao_preferencias': {'pref_3': np.int64(24), 'pref_2': np.int64(5), 'pref_1': np.int64(6), 'pref_0': np.int64(12)}, 'violacoes_capacidade_total_excesso': 0, 'professores_com_violacao': 0, 'conflitos_totais': 0}]","[{'escore_total': 128, 'distribuicao_preferencias': {'pref_3': np.int64(39), 'pref_2': np.int64(4), 'pref_1': np.int64(3), 'pref_0': np.int64(1)}, 'violacoes_capacidade_total_excesso': 0, 'professores_com_violacao': 0, 'conflitos_totais': 0}]"
460.0,0.055846452713012695,263,9,3,18.83938479423523,81.39582991600037,14.818601608276367,13,120,"[{'escore_total': 132, 'distribuicao_preferencias': {'pref_3': np.int64(42), 'pref_2': np.int64(2), 'pref_1': np.int64(2), 'pref_0': np.int64(1)}, 'violacoes_capacidade_total_excesso': 0, 'professores_com_violacao': 0, 'conflitos_totais': 0}]","[{'escore_total': 130, 'distribuicao_preferencias': {'pref_3': np.int64(39), 'pref_2': np.int64(6), 'pref_1': np.int64(1), 'pref_0': np.int64(1)}, 'violacoes_capacidade_total_excesso': 0, 'professores_com_violacao': 0, 'conflitos_totais': 0}]","[{'escore_total': 124, 'distribuicao_preferencias': {'pref_3': np.int64(37), 'pref_2': np.int64(5), 'pref_1': np.int64(3), 'pref_0': np.int64(2)}, 'violacoes_capacidade_total_excesso': 0, 'professores_com_violacao': 0, 'conflitos_totais': 0}]"
461.0,0.06392621994018555,263,9,4,19.725294828414917,81.37763619422913,46.142178535461426,22,120,"[{'escore_total': 132, 'distribuicao_preferencias': {'pref_3': np.int64(42), 'pref_2': np.int64(2), 'pref_1': np.int64(2), 'pref_0': np.int64(1)}, 'violacoes_capacidade_total_excesso': 0, 'professores_com_violacao': 0, 'conflitos_totais': 0}]","[{'escore_total': 131, 'distribuicao_preferencias': {'pref_3': np.int64(41), 'pref_2': np.int64(3), 'pref_1': np.int64(2), 'pref_0': np.int64(1)}, 'violacoes_capacidade_total_excesso': 0, 'professores_com_violacao': 0, 'conflitos_totais': 0}]","[{'escore_total': 124, 'distribuicao_preferencias': {'pref_3': np.int64(37), 'pref_2': np.int64(4), 'pref_1': np.int64(5), 'pref_0': np.int64(1)}, 'violacoes_capacidade_total_excesso': 0, 'professores_com_violacao': 0, 'conflitos_totais': 0}]"
462.0,0.044078826904296875,263,9,3,17.220521211624146,80.59664130210876,4.909160614013672,57,79,"[{'escore_total': 132, 'distribuicao_preferencias': {'pref_3': np.int64(42), 'pref_2': np.int64(2), 'pref_1': np.int64(2), 'pref_0': np.int64(1)}, 'violacoes_capacidade_total_excesso': 0, 'professores_com_violacao': 0, 'conflitos_totais': 0}]","[{'escore_total': 128, 'distribuicao_preferencias': {'pref_3': np.int64(39), 'pref_2': np.int64(4), 'pref_1': np.int64(3), 'pref_0': np.int64(1)}, 'violacoes_capacidade_total_excesso': 0, 'professores_com_violacao': 0, 'conflitos_totais': 0}]","[{'escore_total': 131, 'distribuicao_preferencias': {'pref_3': np.int64(41), 'pref_2': np.int64(3), 'pref_1': np.int64(2), 'pref_0': np.int64(1)}, 'violacoes_capacidade_total_excesso': 0, 'professores_com_violacao': 0, 'conflitos_totais': 0}]"
463.0,0.040444135665893555,263,9,0,16.804532289505005,88.21172165870667,21.58261799812317,9,120,"[{'escore_total': 132, 'distribuicao_preferencias': {'pref_3': np.int64(42), 'pref_2': np.int64(2), 'pref_1': np.int64(2), 'pref_0': np.int64(1)}, 'violacoes_capacidade_total_excesso': 0, 'professores_com_violacao': 0, 'conflitos_totais': 0}]","[{'escore_total': 127, 'distribuicao_preferencias': {'pref_3': np.int64(38), 'pref_2': np.int64(5), 'pref_1': np.int64(3), 'pref_0': np.int64(1)}, 'violacoes_capacidade_total_excesso': 0, 'professores_com_violacao': 0, 'conflitos_totais': 0}]","[{'escore_total': 118, 'distribuicao_preferencias': {'pref_3': np.int64(34), 'pref_2': np.int64(4), 'pref_1': np.int64(8), 'pref_0': np.int64(1)}, 'violacoes_capacidade_total_excesso': 0, 'professores_com_violacao': 0, 'conflitos_totais': 0}]"
464.0,0.05488085746765137,263,9,4,15.97075366973877,63.17084574699402,28.829389095306396,11,90,"[{'escore_total': 132, 'distribuicao_preferencias': {'pref_3': np.int64(42), 'pref_2': np.int64(2), 'pref_1': np.int64(2), 'pref_0': np.int64(1)}, 'violacoes_capacidade_total_excesso': 0, 'professores_com_violacao': 0, 'conflitos_totais': 0}]","[{'escore_total': 131, 'distribuicao_preferencias': {'pref_3': np.int64(41), 'pref_2': np.int64(3), 'pref_1': np.int64(2), 'pref_0': np.int64(1)}, 'violacoes_capacidade_total_excesso': 0, 'professores_com_violacao': 0, 'conflitos_totais': 0}]","[{'escore_total': 131, 'distribuicao_preferencias': {'pref_3': np.int64(41), 'pref_2': np.int64(3), 'pref_1': np.int64(2), 'pref_0': np.int64(1)}, 'violacoes_capacidade_total_excesso': 0, 'professores_com_violacao': 0, 'conflitos_totais': 0}]"
465.0,0.04351210594177246,263,9,4,17.087470293045044,86.27300429344177,69.77309083938599,13,120,"[{'escore_total': 132, 'distribuicao_preferencias': {'pref_3': np.int64(42), 'pref_2': np.int64(2), 'pref_1': np.int64(2), 'pref_0': np.int64(1)}, 'violacoes_capacidade_total_excesso': 0, 'professores_com_violacao': 0, 'conflitos_totais': 0}]","[{'escore_total': 123, 'distribuicao_preferencias': {'pref_3': np.int64(37), 'pref_2': np.int64(4), 'pref_1': np.int64(4), 'pref_0': np.int64(2)}, 'violacoes_capacidade_total_excesso': 0, 'professores_com_violacao': 0, 'conflitos_totais': 0}]","[{'escore_total': 128, 'distribuicao_preferencias': {'pref_3': np.int64(39), 'pref_2': np.int64(4), 'pref_1': np.int64(3), 'pref_0': np.int64(1)}, 'violacoes_capacidade_total_excesso': 0, 'professores_com_violacao': 0, 'conflitos_totais': 0}]"
466.0,0.05326533317565918,263,9,4,18.908530950546265,80.39656114578247,19.281489372253418,19,120,"[{'escore_total': 132, 'distribuicao_preferencias': {'pref_3': np.int64(42), 'pref_2': np.int64(2), 'pref_1': np.int64(2), 'pref_0': np.int64(1)}, 'violacoes_capacidade_total_excesso': 0, 'professores_com_violacao': 0, 'conflitos_totais': 0}]","[{'escore_total': 122, 'distribuicao_preferencias': {'pref_3': np.int64(34), 'pref_2': np.int64(8), 'pref_1': np.int64(4), 'pref_0': np.int64(1)}, 'violacoes_capacidade_total_excesso': 0, 'professores_com_violacao': 0, 'conflitos_totais': 0}]","[{'escore_total': 128, 'distribuicao_preferencias': {'pref_3': np.int64(39), 'pref_2': np.int64(4), 'pref_1': np.int64(3), 'pref_0': np.int64(1)}, 'violacoes_capacidade_total_excesso': 0, 'professores_com_violacao': 0, 'conflitos_totais': 0}]"
467.0,0.04777932167053223,263,9,0,16.222504377365112,35.05913019180298,26.22288155555725,17,120,"[{'escore_total': 132, 'distribuicao_preferencias': {'pref_3': np.int64(42), 'pref_2': np.int64(2), 'pref_1': np.int64(2), 'pref_0': np.int64(1)}, 'violacoes_capacidade_total_excesso': 0, 'professores_com_violacao': 0, 'conflitos_totais': 0}]","[{'escore_total': 131, 'distribuicao_preferencias': {'pref_3': np.int64(41), 'pref_2': np.int64(3), 'pref_1': np.int64(2), 'pref_0': np.int64(1)}, 'violacoes_capacidade_total_excesso': 0, 'professores_com_violacao': 0, 'conflitos_totais': 0}]","[{'escore_total': 128, 'distribuicao_preferencias': {'pref_3': np.int64(40), 'pref_2': np.int64(2), 'pref_1': np.int64(4), 'pref_0': np.int64(1)}, 'violacoes_capacidade_total_excesso': 0, 'professores_com_violacao': 0, 'conflitos_totais': 0}]"
468.0,0.04115033149719238,263,9,3,17.103825330734253,84.67238807678223,39.55257964134216,17,120,"[{'escore_total': 132, 'distribuicao_preferencias': {'pref_3': np.int64(42), 'pref_2': np.int64(2), 'pref_1': np.int64(2), 'pref_0': np.int64(1)}, 'violacoes_capacidade_total_excesso': 0, 'professores_com_violacao': 0, 'conflitos_totais': 0}]","[{'escore_total': 130, 'distribuicao_preferencias': {'pref_3': np.int64(40), 'pref_2': np.int64(4), 'pref_1': np.int64(2), 'pref_0': np.int64(1)}, 'violacoes_capacidade_total_excesso': 0, 'professores_com_violacao': 0, 'conflitos_totais': 0}]","[{'escore_total': 122, 'distribuicao_preferencias': {'pref_3': np.int64(35), 'pref_2': np.int64(6), 'pref_1': np.int64(5), 'pref_0': np.int64(1)}, 'violacoes_capacidade_total_excesso': 0, 'professores_com_violacao': 0, 'conflitos_totais': 0}]"
469.0,0.08960843086242676,263,9,2,20.384474754333496,88.62046122550964,7.420264482498169,9,120,"[{'escore_total': 132, 'distribuicao_preferencias': {'pref_3': np.int64(42), 'pref_2': np.int64(2), 'pref_1': np.int64(2), 'pref_0': np.int64(1)}, 'violacoes_capacidade_total_excesso': 0, 'professores_com_violacao': 0, 'conflitos_totais': 0}]","[{'escore_total': 128, 'distribuicao_preferencias': {'pref_3': np.int64(39), 'pref_2': np.int64(4), 'pref_1': np.int64(3), 'pref_0': np.int64(1)}, 'violacoes_capacidade_total_excesso': 0, 'professores_com_violacao': 0, 'conflitos_totais': 0}]","[{'escore_total': 129, 'distribuicao_preferencias': {'pref_3': np.int64(39), 'pref_2': np.int64(5), 'pref_1': np.int64(2), 'pref_0': np.int64(1)}, 'violacoes_capacidade_total_excesso': 0, 'professores_com_violacao': 0, 'conflitos_totais': 0}]"
470.0,0.04130411148071289,263,9,0,16.798757791519165,23.668471813201904,15.633856773376465,9,35,"[{'escore_total': 132, 'distribuicao_preferencias': {'pref_3': np.int64(42), 'pref_2': np.int64(2), 'pref_1': np.int64(2), 'pref_0': np.int64(1)}, 'violacoes_capacidade_total_excesso': 0, 'professores_com_violacao': 0, 'conflitos_totais': 0}]","[{'escore_total': 131, 'distribuicao_preferencias': {'pref_3': np.int64(41), 'pref_2': np.int64(3), 'pref_1': np.int64(2), 'pref_0': np.int64(1)}, 'violacoes_capacidade_total_excesso': 0, 'professores_com_violacao': 0, 'conflitos_totais': 0}]","[{'escore_total': 132, 'distribuicao_preferencias': {'pref_3': np.int64(41), 'pref_2': np.int64(4), 'pref_1': np.int64(1), 'pref_0': np.int64(1)}, 'violacoes_capacidade_total_excesso': 0, 'professores_com_violacao': 0, 'conflitos_totais': 0}]"
471.0,0.05882883071899414,263,9,4,16.445581197738647,84.96109223365784,48.49749565124512,11,120,"[{'escore_total': 132, 'distribuicao_preferencias': {'pref_3': np.int64(42), 'pref_2': np.int64(2), 'pref_1': np.int64(2), 'pref_0': np.int64(1)}, 'violacoes_capacidade_total_excesso': 0, 'professores_com_violacao': 0, 'conflitos_totais': 0}]","[{'escore_total': 128, 'distribuicao_preferencias': {'pref_3': np.int64(39), 'pref_2': np.int64(4), 'pref_1': np.int64(3), 'pref_0': np.int64(1)}, 'violacoes_capacidade_total_excesso': 0, 'professores_com_violacao': 0, 'conflitos_totais': 0}]","[{'escore_total': 127, 'distribuicao_preferencias': {'pref_3': np.int64(38), 'pref_2': np.int64(5), 'pref_1': np.int64(3), 'pref_0': np.int64(1)}, 'violacoes_capacidade_total_excesso': 0, 'professores_com_violacao': 0, 'conflitos_totais': 0}]"
472.0,0.07646441459655762,263,9,0,19.21037721633911,53.79402709007263,31.608474254608154,4,120,"[{'escore_total': 132, 'distribuicao_preferencias': {'pref_3': np.int64(42), 'pref_2': np.int64(2), 'pref_1': np.int64(2), 'pref_0': np.int64(1)}, 'violacoes_capacidade_total_excesso': 0, 'professores_com_violacao': 0, 'conflitos_totais': 0}]","[{'escore_total': 132, 'distribuicao_preferencias': {'pref_3': np.int64(42), 'pref_2': np.int64(2), 'pref_1': np.int64(2), 'pref_0': np.int64(1)}, 'violacoes_capacidade_total_excesso': 0, 'professores_com_violacao': 0, 'conflitos_totais': 0}]","[{'escore_total': 128, 'distribuicao_preferencias': {'pref_3': np.int64(38), 'pref_2': np.int64(6), 'pref_1': np.int64(2), 'pref_0': np.int64(1)}, 'violacoes_capacidade_total_excesso': 0, 'professores_com_violacao': 0, 'conflitos_totais': 0}]"
473.0,0.034475088119506836,263,9,5,16.387207746505737,82.5068941116333,7.0639119148254395,28,120,"[{'escore_total': 132, 'distribuicao_preferencias': {'pref_3': np.int64(42), 'pref_2': np.int64(2), 'pref_1': np.int64(2), 'pref_0': np.int64(1)}, 'violacoes_capacidade_total_excesso': 0, 'professores_com_violacao': 0, 'conflitos_totais': 0}]","[{'escore_total': 130, 'distribuicao_preferencias': {'pref_3': np.int64(40), 'pref_2': np.int64(4), 'pref_1': np.int64(2), 'pref_0': np.int64(1)}, 'violacoes_capacidade_total_excesso': 0, 'professores_com_violacao': 0, 'conflitos_totais': 0}]","[{'escore_total': 117, 'distribuicao_preferencias': {'pref_3': np.int64(32), 'pref_2': np.int64(8), 'pref_1': np.int64(5), 'pref_0': np.int64(2)}, 'violacoes_capacidade_total_excesso': 1, 'professores_com_violacao': 1, 'conflitos_totais': 0}]"
474.0,0.05798530578613281,263,9,3,16.24689245223999,83.87412738800049,8.938692331314087,8,120,"[{'escore_total': 132, 'distribuicao_preferencias': {'pref_3': np.int64(42), 'pref_2': np.int64(2), 'pref_1': np.int64(2), 'pref_0': np.int64(1)}, 'violacoes_capacidade_total_excesso': 0, 'professores_com_violacao': 0, 'conflitos_totais': 0}]","[{'escore_total': 130, 'distribuicao_preferencias': {'pref_3': np.int64(40), 'pref_2': np.int64(4), 'pref_1': np.int64(2), 'pref_0': np.int64(1)}, 'violacoes_capacidade_total_excesso': 0, 'professores_com_violacao': 0, 'conflitos_totais': 0}]","[{'escore_total': 127, 'distribuicao_preferencias': {'pref_3': np.int64(38), 'pref_2': np.int64(5), 'pref_1': np.int64(3), 'pref_0': np.int64(1)}, 'violacoes_capacidade_total_excesso': 0, 'professores_com_violacao': 0, 'conflitos_totais': 0}]"
475.0,0.09209847450256348,263,9,3,19.7481472492218,80.49804329872131,41.63287043571472,58,120,"[{'escore_total': 132, 'distribuicao_preferencias': {'pref_3': np.int64(42), 'pref_2': np.int64(2), 'pref_1': np.int64(2), 'pref_0': np.int64(1)}, 'violacoes_capacidade_total_excesso': 0, 'professores_com_violacao': 0, 'conflitos_totais': 0}]","[{'escore_total': 127, 'distribuicao_preferencias': {'pref_3': np.int64(38), 'pref_2': np.int64(5), 'pref_1': np.int64(3), 'pref_0': np.int64(1)}, 'violacoes_capacidade_total_excesso': 0, 'professores_com_violacao': 0, 'conflitos_totais': 0}]","[{'escore_total': 130, 'distribuicao_preferencias': {'pref_3': np.int64(41), 'pref_2': np.int64(2), 'pref_1': np.int64(3), 'pref_0': np.int64(1)}, 'violacoes_capacidade_total_excesso': 0, 'professores_com_violacao': 0, 'conflitos_totais': 0}]"
476.0,0.05742955207824707,263,9,0,18.544780731201172,87.80241918563843,25.749171495437622,9,120,"[{'escore_total': 132, 'distribuicao_preferencias': {'pref_3': np.int64(42), 'pref_2': np.int64(2), 'pref_1': np.int64(2), 'pref_0': np.int64(1)}, 'violacoes_capacidade_total_excesso': 0, 'professores_com_violacao': 0, 'conflitos_totais': 0}]","[{'escore_total': 130, 'distribuicao_preferencias': {'pref_3': np.int64(40), 'pref_2': np.int64(4), 'pref_1': np.int64(2), 'pref_0': np.int64(1)}, 'violacoes_capacidade_total_excesso': 0, 'professores_com_violacao': 0, 'conflitos_totais': 0}]","[{'escore_total': 129, 'distribuicao_preferencias': {'pref_3': np.int64(40), 'pref_2': np.int64(3), 'pref_1': np.int64(3), 'pref_0': np.int64(1)}, 'violacoes_capacidade_total_excesso': 0, 'professores_com_violacao': 0, 'conflitos_totais': 0}]"
477.0,0.037445068359375,263,9,2,17.28791117668152,82.86217832565308,32.532726526260376,7,120,"[{'escore_total': 132, 'distribuicao_preferencias': {'pref_3': np.int64(42), 'pref_2': np.int64(2), 'pref_1': np.int64(2), 'pref_0': np.int64(1)}, 'violacoes_capacidade_total_excesso': 0, 'professores_com_violacao': 0, 'conflitos_totais': 0}]","[{'escore_total': 130, 'distribuicao_preferencias': {'pref_3': np.int64(40), 'pref_2': np.int64(4), 'pref_1': np.int64(2), 'pref_0': np.int64(1)}, 'violacoes_capacidade_total_excesso': 0, 'professores_com_violacao': 0, 'conflitos_totais': 0}]","[{'escore_total': 124, 'distribuicao_preferencias': {'pref_3': np.int64(36), 'pref_2': np.int64(6), 'pref_1': np.int64(4), 'pref_0': np.int64(1)}, 'violacoes_capacidade_total_excesso': 0, 'professores_com_violacao': 0, 'conflitos_totais': 0}]"
478.0,0.06384992599487305,263,9,0,19.1651394367218,81.9061598777771,43.46764063835144,33,120,"[{'escore_total': 132, 'distribuicao_preferencias': {'pref_3': np.int64(42), 'pref_2': np.int64(2), 'pref_1': np.int64(2), 'pref_0': np.int64(1)}, 'violacoes_capacidade_total_excesso': 0, 'professores_com_violacao': 0, 'conflitos_totais': 0}]","[{'escore_total': 110, 'distribuicao_preferencias': {'pref_3': np.int64(33), 'pref_2': np.int64(1), 'pref_1': np.int64(9), 'pref_0': np.int64(4)}, 'violacoes_capacidade_total_excesso': 0, 'professores_com_violacao': 0, 'conflitos_totais': 0}]","[{'escore_total': 128, 'distribuicao_preferencias': {'pref_3': np.int64(38), 'pref_2': np.int64(6), 'pref_1': np.int64(2), 'pref_0': np.int64(1)}, 'violacoes_capacidade_total_excesso': 0, 'professores_com_violacao': 0, 'conflitos_totais': 0}]"
479.0,0.05940651893615723,263,9,0,18.850051641464233,83.52783417701721,18.509840726852417,25,120,"[{'escore_total': 132, 'distribuicao_preferencias': {'pref_3': np.int64(42), 'pref_2': np.int64(2), 'pref_1': np.int64(2), 'pref_0': np.int64(1)}, 'violacoes_capacidade_total_excesso': 0, 'professores_com_violacao': 0, 'conflitos_totais': 0}]","[{'escore_total': 126, 'distribuicao_preferencias': {'pref_3': np.int64(38), 'pref_2': np.int64(4), 'pref_1': np.int64(4), 'pref_0': np.int64(1)}, 'violacoes_capacidade_total_excesso': 0, 'professores_com_violacao': 0, 'conflitos_totais': 0}]","[{'escore_total': 131, 'distribuicao_preferencias': {'pref_3': np.int64(40), 'pref_2': np.int64(4), 'pref_1': np.int64(3), 'pref_0': 0}, 'violacoes_capacidade_total_excesso': 1, 'professores_com_violacao': 1, 'conflitos_totais': 0}]"
480.0,0.05291438102722168,263,9,1,16.474658012390137,82.86831021308899,29.446226596832275,11,120,"[{'escore_total': 132, 'distribuicao_preferencias': {'pref_3': np.int64(42), 'pref_2': np.int64(2), 'pref_1': np.int64(2), 'pref_0': np.int64(1)}, 'violacoes_capacidade_total_excesso': 0, 'professores_com_violacao': 0, 'conflitos_totais': 0}]","[{'escore_total': 129, 'distribuicao_preferencias': {'pref_3': np.int64(38), 'pref_2': np.int64(7), 'pref_1': np.int64(1), 'pref_0': np.int64(1)}, 'violacoes_capacidade_total_excesso': 0, 'professores_com_violacao': 0, 'conflitos_totais': 0}]","[{'escore_total': 129, 'distribuicao_preferencias': {'pref_3': np.int64(40), 'pref_2': np.int64(3), 'pref_1': np.int64(3), 'pref_0': np.int64(1)}, 'violacoes_capacidade_total_excesso': 0, 'professores_com_violacao': 0, 'conflitos_totais': 0}]"
481.0,0.07791614532470703,263,9,0,19.45392155647278,80.05059862136841,60.01178169250488,23,120,"[{'escore_total': 132, 'distribuicao_preferencias': {'pref_3': np.int64(42), 'pref_2': np.int64(2), 'pref_1': np.int64(2), 'pref_0': np.int64(1)}, 'violacoes_capacidade_total_excesso': 0, 'professores_com_violacao': 0, 'conflitos_totais': 0}]","[{'escore_total': 127, 'distribuicao_preferencias': {'pref_3': np.int64(38), 'pref_2': np.int64(5), 'pref_1': np.int64(3), 'pref_0': np.int64(1)}, 'violacoes_capacidade_total_excesso': 0, 'professores_com_violacao': 0, 'conflitos_totais': 0}]","[{'escore_total': 122, 'distribuicao_preferencias': {'pref_3': np.int64(36), 'pref_2': np.int64(4), 'pref_1': np.int64(6), 'pref_0': np.int64(1)}, 'violacoes_capacidade_total_excesso': 0, 'professores_com_violacao': 0, 'conflitos_totais': 0}]"
482.0,0.04824566841125488,263,9,5,16.530420780181885,81.71501517295837,66.28505206108093,9,120,"[{'escore_total': 132, 'distribuicao_preferencias': {'pref_3': np.int64(42), 'pref_2': np.int64(2), 'pref_1': np.int64(2), 'pref_0': np.int64(1)}, 'violacoes_capacidade_total_excesso': 0, 'professores_com_violacao': 0, 'conflitos_totais': 0}]","[{'escore_total': 129, 'distribuicao_preferencias': {'pref_3': np.int64(39), 'pref_2': np.int64(5), 'pref_1': np.int64(2), 'pref_0': np.int64(1)}, 'violacoes_capacidade_total_excesso': 0, 'professores_com_violacao': 0, 'conflitos_totais': 0}]","[{'escore_total': 126, 'distribuicao_preferencias': {'pref_3': np.int64(38), 'pref_2': np.int64(4), 'pref_1': np.int64(4), 'pref_0': np.int64(1)}, 'violacoes_capacidade_total_excesso': 0, 'professores_com_violacao': 0, 'conflitos_totais': 0}]"
483.0,0.08182668685913086,263,9,0,20.474851369857788,86.28837823867798,24.02095675468445,9,120,"[{'escore_total': 132, 'distribuicao_preferencias': {'pref_3': np.int64(42), 'pref_2': np.int64(2), 'pref_1': np.int64(2), 'pref_0': np.int64(1)}, 'violacoes_capacidade_total_excesso': 0, 'professores_com_violacao': 0, 'conflitos_totais': 0}]","[{'escore_total': 126, 'distribuicao_preferencias': {'pref_3': np.int64(37), 'pref_2': np.int64(6), 'pref_1': np.int64(3), 'pref_0': np.int64(1)}, 'violacoes_capacidade_total_excesso': 0, 'professores_com_violacao': 0, 'conflitos_totais': 0}]","[{'escore_total': 127, 'distribuicao_preferencias': {'pref_3': np.int64(39), 'pref_2': np.int64(3), 'pref_1': np.int64(4), 'pref_0': np.int64(1)}, 'violacoes_capacidade_total_excesso': 0, 'professores_com_violacao': 0, 'conflitos_totais': 0}]"
484.0,0.06473898887634277,263,9,0,18.14058780670166,34.39745593070984,16.682421922683716,4,37,"[{'escore_total': 132, 'distribuicao_preferencias': {'pref_3': np.int64(42), 'pref_2': np.int64(2), 'pref_1': np.int64(2), 'pref_0': np.int64(1)}, 'violacoes_capacidade_total_excesso': 0, 'professores_com_violacao': 0, 'conflitos_totais': 0}]","[{'escore_total': 131, 'distribuicao_preferencias': {'pref_3': np.int64(41), 'pref_2': np.int64(3), 'pref_1': np.int64(2), 'pref_0': np.int64(1)}, 'violacoes_capacidade_total_excesso': 0, 'professores_com_violacao': 0, 'conflitos_totais': 0}]","[{'escore_total': 131, 'distribuicao_preferencias': {'pref_3': np.int64(41), 'pref_2': np.int64(3), 'pref_1': np.int64(2), 'pref_0': np.int64(1)}, 'violacoes_capacidade_total_excesso': 0, 'professores_com_violacao': 0, 'conflitos_totais': 0}]"
485.0,0.061453819274902344,263,9,4,16.824204206466675,41.43484807014465,29.815473556518555,4,120,"[{'escore_total': 132, 'distribuicao_preferencias': {'pref_3': np.int64(42), 'pref_2': np.int64(2), 'pref_1': np.int64(2), 'pref_0': np.int64(1)}, 'violacoes_capacidade_total_excesso': 0, 'professores_com_violacao': 0, 'conflitos_totais': 0}]","[{'escore_total': 131, 'distribuicao_preferencias': {'pref_3': np.int64(41), 'pref_2': np.int64(3), 'pref_1': np.int64(2), 'pref_0': np.int64(1)}, 'violacoes_capacidade_total_excesso': 0, 'professores_com_violacao': 0, 'conflitos_totais': 0}]","[{'escore_total': 126, 'distribuicao_preferencias': {'pref_3': np.int64(37), 'pref_2': np.int64(6), 'pref_1': np.int64(3), 'pref_0': np.int64(1)}, 'violacoes_capacidade_total_excesso': 0, 'professores_com_violacao': 0, 'conflitos_totais': 0}]"
486.0,0.053574562072753906,263,9,2,16.667052507400513,84.77019786834717,31.608375787734985,10,120,"[{'escore_total': 132, 'distribuicao_preferencias': {'pref_3': np.int64(42), 'pref_2': np.int64(2), 'pref_1': np.int64(2), 'pref_0': np.int64(1)}, 'violacoes_capacidade_total_excesso': 0, 'professores_com_violacao': 0, 'conflitos_totais': 0}]","[{'escore_total': 130, 'distribuicao_preferencias': {'pref_3': np.int64(39), 'pref_2': np.int64(6), 'pref_1': np.int64(1), 'pref_0': np.int64(1)}, 'violacoes_capacidade_total_excesso': 0, 'professores_com_violacao': 0, 'conflitos_totais': 0}]","[{'escore_total': 130, 'distribuicao_preferencias': {'pref_3': np.int64(40), 'pref_2': np.int64(4), 'pref_1': np.int64(2), 'pref_0': np.int64(1)}, 'violacoes_capacidade_total_excesso': 0, 'professores_com_violacao': 0, 'conflitos_totais': 0}]"
487.0,0.05611014366149902,263,9,0,19.52461051940918,88.7107470035553,37.314990520477295,8,118,"[{'escore_total': 132, 'distribuicao_preferencias': {'pref_3': np.int64(42), 'pref_2': np.int64(2), 'pref_1': np.int64(2), 'pref_0': np.int64(1)}, 'violacoes_capacidade_total_excesso': 0, 'professores_com_violacao': 0, 'conflitos_totais': 0}]","[{'escore_total': 125, 'distribuicao_preferencias': {'pref_3': np.int64(37), 'pref_2': np.int64(5), 'pref_1': np.int64(4), 'pref_0': np.int64(1)}, 'violacoes_capacidade_total_excesso': 0, 'professores_com_violacao': 0, 'conflitos_totais': 0}]","[{'escore_total': 131, 'distribuicao_preferencias': {'pref_3': np.int64(41), 'pref_2': np.int64(3), 'pref_1': np.int64(2), 'pref_0': np.int64(1)}, 'violacoes_capacidade_total_excesso': 0, 'professores_com_violacao': 0, 'conflitos_totais': 0}]"
488.0,0.031653642654418945,263,9,0,16.834625005722046,84.12408542633057,22.25661015510559,16,69,"[{'escore_total': 132, 'distribuicao_preferencias': {'pref_3': np.int64(42), 'pref_2': np.int64(2), 'pref_1': np.int64(2), 'pref_0': np.int64(1)}, 'violacoes_capacidade_total_excesso': 0, 'professores_com_violacao': 0, 'conflitos_totais': 0}]","[{'escore_total': 129, 'distribuicao_preferencias': {'pref_3': np.int64(40), 'pref_2': np.int64(3), 'pref_1': np.int64(3), 'pref_0': np.int64(1)}, 'violacoes_capacidade_total_excesso': 0, 'professores_com_violacao': 0, 'conflitos_totais': 0}]","[{'escore_total': 131, 'distribuicao_preferencias': {'pref_3': np.int64(41), 'pref_2': np.int64(3), 'pref_1': np.int64(2), 'pref_0': np.int64(1)}, 'violacoes_capacidade_total_excesso': 0, 'professores_com_violacao': 0, 'conflitos_totais': 0}]"
489.0,0.055356740951538086,263,9,4,20.550426959991455,42.49600410461426,34.26406788825989,20,120,"[{'escore_total': 132, 'distribuicao_preferencias': {'pref_3': np.int64(42), 'pref_2': np.int64(2), 'pref_1': np.int64(2), 'pref_0': np.int64(1)}, 'violacoes_capacidade_total_excesso': 0, 'professores_com_violacao': 0, 'conflitos_totais': 0}]","[{'escore_total': 131, 'distribuicao_preferencias': {'pref_3': np.int64(41), 'pref_2': np.int64(3), 'pref_1': np.int64(2), 'pref_0': np.int64(1)}, 'violacoes_capacidade_total_excesso': 0, 'professores_com_violacao': 0, 'conflitos_totais': 0}]","[{'escore_total': 126, 'distribuicao_preferencias': {'pref_3': np.int64(38), 'pref_2': np.int64(5), 'pref_1': np.int64(2), 'pref_0': np.int64(2)}, 'violacoes_capacidade_total_excesso': 0, 'professores_com_violacao': 0, 'conflitos_totais': 0}]"
490.0,0.08017563819885254,263,9,3,19.44848322868347,82.21004748344421,39.05158233642578,24,120,"[{'escore_total': 132, 'distribuicao_preferencias': {'pref_3': np.int64(42), 'pref_2': np.int64(2), 'pref_1': np.int64(2), 'pref_0': np.int64(1)}, 'violacoes_capacidade_total_excesso': 0, 'professores_com_violacao': 0, 'conflitos_totais': 0}]","[{'escore_total': 129, 'distribuicao_preferencias': {'pref_3': np.int64(40), 'pref_2': np.int64(3), 'pref_1': np.int64(3), 'pref_0': np.int64(1)}, 'violacoes_capacidade_total_excesso': 0, 'professores_com_violacao': 0, 'conflitos_totais': 0}]","[{'escore_total': 126, 'distribuicao_preferencias': {'pref_3': np.int64(38), 'pref_2': np.int64(4), 'pref_1': np.int64(4), 'pref_0': np.int64(1)}, 'violacoes_capacidade_total_excesso': 0, 'professores_com_violacao': 0, 'conflitos_totais': 0}]"
491.0,0.05707859992980957,263,9,1,17.9809992313385,82.58201146125793,11.993684530258179,6,23,"[{'escore_total': 132, 'distribuicao_preferencias': {'pref_3': np.int64(42), 'pref_2': np.int64(2), 'pref_1': np.int64(2), 'pref_0': np.int64(1)}, 'violacoes_capacidade_total_excesso': 0, 'professores_com_violacao': 0, 'conflitos_totais': 0}]","[{'escore_total': 126, 'distribuicao_preferencias': {'pref_3': np.int64(38), 'pref_2': np.int64(4), 'pref_1': np.int64(4), 'pref_0': np.int64(1)}, 'violacoes_capacidade_total_excesso': 0, 'professores_com_violacao': 0, 'conflitos_totais': 0}]","[{'escore_total': 131, 'distribuicao_preferencias': {'pref_3': np.int64(40), 'pref_2': np.int64(5), 'pref_1': np.int64(1), 'pref_0': np.int64(1)}, 'violacoes_capacidade_total_excesso': 0, 'professores_com_violacao': 0, 'conflitos_totais': 0}]"
492.0,0.0593569278717041,263,9,5,18.574162244796753,81.09493947029114,28.546990633010864,23,120,"[{'escore_total': 132, 'distribuicao_preferencias': {'pref_3': np.int64(42), 'pref_2': np.int64(2), 'pref_1': np.int64(2), 'pref_0': np.int64(1)}, 'violacoes_capacidade_total_excesso': 0, 'professores_com_violacao': 0, 'conflitos_totais': 0}]","[{'escore_total': 122, 'distribuicao_preferencias': {'pref_3': np.int64(37), 'pref_2': np.int64(3), 'pref_1': np.int64(5), 'pref_0': np.int64(2)}, 'violacoes_capacidade_total_excesso': 0, 'professores_com_violacao': 0, 'conflitos_totais': 0}]","[{'escore_total': 128, 'distribuicao_preferencias': {'pref_3': np.int64(39), 'pref_2': np.int64(4), 'pref_1': np.int64(3), 'pref_0': np.int64(1)}, 'violacoes_capacidade_total_excesso': 0, 'professores_com_violacao': 0, 'conflitos_totais': 0}]"
493.0,0.02866530418395996,263,9,1,8.44194769859314,28.632514238357544,10.75155782699585,12,120,"[{'escore_total': 132, 'distribuicao_preferencias': {'pref_3': np.int64(42), 'pref_2': np.int64(2), 'pref_1': np.int64(2), 'pref_0': np.int64(1)}, 'violacoes_capacidade_total_excesso': 0, 'professores_com_violacao': 0, 'conflitos_totais': 0}]","[{'escore_total': 131, 'distribuicao_preferencias': {'pref_3': np.int64(41), 'pref_2': np.int64(3), 'pref_1': np.int64(2), 'pref_0': np.int64(1)}, 'violacoes_capacidade_total_excesso': 0, 'professores_com_violacao': 0, 'conflitos_totais': 0}]","[{'escore_total': 119, 'distribuicao_preferencias': {'pref_3': np.int64(34), 'pref_2': np.int64(5), 'pref_1': np.int64(7), 'pref_0': np.int64(1)}, 'violacoes_capacidade_total_excesso': 0, 'professores_com_violacao': 0, 'conflitos_totais': 0}]"
494.0,0.08059811592102051,263,9,0,18.980807781219482,48.25187945365906,44.10402774810791,8,117,"[{'escore_total': 132, 'distribuicao_preferencias': {'pref_3': np.int64(42), 'pref_2': np.int64(2), 'pref_1': np.int64(2), 'pref_0': np.int64(1)}, 'violacoes_capacidade_total_excesso': 0, 'professores_com_violacao': 0, 'conflitos_totais': 0}]","[{'escore_total': 131, 'distribuicao_preferencias': {'pref_3': np.int64(40), 'pref_2': np.int64(5), 'pref_1': np.int64(1), 'pref_0': np.int64(1)}, 'violacoes_capacidade_total_excesso': 0, 'professores_com_violacao': 0, 'conflitos_totais': 0}]","[{'escore_total': 131, 'distribuicao_preferencias': {'pref_3': np.int64(41), 'pref_2': np.int64(3), 'pref_1': np.int64(2), 'pref_0': np.int64(1)}, 'violacoes_capacidade_total_excesso': 0, 'professores_com_violacao': 0, 'conflitos_totais': 0}]"
495.0,0.04211163520812988,263,9,5,11.632277250289917,80.05624437332153,2.2099454402923584,14,120,"[{'escore_total': 132, 'distribuicao_preferencias': {'pref_3': np.int64(42), 'pref_2': np.int64(2), 'pref_1': np.int64(2), 'pref_0': np.int64(1)}, 'violacoes_capacidade_total_excesso': 0, 'professores_com_violacao': 0, 'conflitos_totais': 0}]","[{'escore_total': 122, 'distribuicao_preferencias': {'pref_3': np.int64(35), 'pref_2': np.int64(7), 'pref_1': np.int64(3), 'pref_0': np.int64(2)}, 'violacoes_capacidade_total_excesso': 0, 'professores_com_violacao': 0, 'conflitos_totais': 0}]","[{'escore_total': 129, 'distribuicao_preferencias': {'pref_3': np.int64(39), 'pref_2': np.int64(5), 'pref_1': np.int64(2), 'pref_0': np.int64(1)}, 'violacoes_capacidade_total_excesso': 0, 'professores_com_violacao': 0, 'conflitos_totais': 0}]"
496.0,0.028084993362426758,263,9,1,7.818796634674072,38.8437933921814,5.197001934051514,60,120,"[{'escore_total': 132, 'distribuicao_preferencias': {'pref_3': np.int64(42), 'pref_2': np.int64(2), 'pref_1': np.int64(2), 'pref_0': np.int64(1)}, 'violacoes_capacidade_total_excesso': 0, 'professores_com_violacao': 0, 'conflitos_totais': 0}]","[{'escore_total': 123, 'distribuicao_preferencias': {'pref_3': np.int64(36), 'pref_2': np.int64(6), 'pref_1': np.int64(3), 'pref_0': np.int64(2)}, 'violacoes_capacidade_total_excesso': 0, 'professores_com_violacao': 0, 'conflitos_totais': 0}]","[{'escore_total': 123, 'distribuicao_preferencias': {'pref_3': np.int64(35), 'pref_2': np.int64(7), 'pref_1': np.int64(4), 'pref_0': np.int64(1)}, 'violacoes_capacidade_total_excesso': 0, 'professores_com_violacao': 0, 'conflitos_totais': 0}]"
497.0,0.07007956504821777,263,9,3,18.135475397109985,25.105208158493042,12.723241329193115,5,120,"[{'escore_total': 132, 'distribuicao_preferencias': {'pref_3': np.int64(42), 'pref_2': np.int64(2), 'pref_1': np.int64(2), 'pref_0': np.int64(1)}, 'violacoes_capacidade_total_excesso': 0, 'professores_com_violacao': 0, 'conflitos_totais': 0}]","[{'escore_total': 131, 'distribuicao_preferencias': {'pref_3': np.int64(41), 'pref_2': np.int64(3), 'pref_1': np.int64(2), 'pref_0': np.int64(1)}, 'violacoes_capacidade_total_excesso': 0, 'professores_com_violacao': 0, 'conflitos_totais': 0}]","[{'escore_total': 128, 'distribuicao_preferencias': {'pref_3': np.int64(39), 'pref_2': np.int64(4), 'pref_1': np.int64(3), 'pref_0': np.int64(1)}, 'violacoes_capacidade_total_excesso': 0, 'professores_com_violacao': 0, 'conflitos_totais': 0}]"
498.0,0.055730342864990234,263,9,5,23.118170976638794,80.1203601360321,13.630728244781494,38,120,"[{'escore_total': 132, 'distribuicao_preferencias': {'pref_3': np.int64(42), 'pref_2': np.int64(2), 'pref_1': np.int64(2), 'pref_0': np.int64(1)}, 'violacoes_capacidade_total_excesso': 0, 'professores_com_violacao': 0, 'conflitos_totais': 0}]","[{'escore_total': 129, 'distribuicao_preferencias': {'pref_3': np.int64(39), 'pref_2': np.int64(5), 'pref_1': np.int64(2), 'pref_0': np.int64(1)}, 'violacoes_capacidade_total_excesso': 0, 'professores_com_violacao': 0, 'conflitos_totais': 0}]","[{'escore_total': 125, 'distribuicao_preferencias': {'pref_3': np.int64(37), 'pref_2': np.int64(5), 'pref_1': np.int64(4), 'pref_0': np.int64(1)}, 'violacoes_capacidade_total_excesso': 0, 'professores_com_violacao': 0, 'conflitos_totais': 0}]"
499.0,0.03597450256347656,263,9,0,8.832357168197632,30.16376805305481,8.722756624221802,9,120,"[{'escore_total': 132, 'distribuicao_preferencias': {'pref_3': np.int64(42), 'pref_2': np.int64(2), 'pref_1': np.int64(2), 'pref_0': np.int64(1)}, 'violacoes_capacidade_total_excesso': 0, 'professores_com_violacao': 0, 'conflitos_totais': 0}]","[{'escore_total': 132, 'distribuicao_preferencias': {'pref_3': np.int64(42), 'pref_2': np.int64(2), 'pref_1': np.int64(2), 'pref_0': np.int64(1)}, 'violacoes_capacidade_total_excesso': 0, 'professores_com_violacao': 0, 'conflitos_totais': 0}]","[{'escore_total': 130, 'distribuicao_preferencias': {'pref_3': np.int64(40), 'pref_2': np.int64(4), 'pref_1': np.int64(2), 'pref_0': np.int64(1)}, 'violacoes_capacidade_total_excesso': 0, 'professores_com_violacao': 0, 'conflitos_totais': 0}]"
500.0,0.06548953056335449,263,9,1,18.3317973613739,64.10073781013489,26.222065448760986,19,120,"[{'escore_total': 132, 'distribuicao_preferencias': {'pref_3': np.int64(42), 'pref_2': np.int64(2), 'pref_1': np.int64(2), 'pref_0': np.int64(1)}, 'violacoes_capacidade_total_excesso': 0, 'professores_com_violacao': 0, 'conflitos_totais': 0}]","[{'escore_total': 131, 'distribuicao_preferencias': {'pref_3': np.int64(41), 'pref_2': np.int64(3), 'pref_1': np.int64(2), 'pref_0': np.int64(1)}, 'violacoes_capacidade_total_excesso': 0, 'professores_com_violacao': 0, 'conflitos_totais': 0}]","[{'escore_total': 126, 'distribuicao_preferencias': {'pref_3': np.int64(37), 'pref_2': np.int64(6), 'pref_1': np.int64(3), 'pref_0': np.int64(1)}, 'violacoes_capacidade_total_excesso': 0, 'professores_com_violacao': 0, 'conflitos_totais': 0}]"
